CNPJ;RAZÃO SOCIAL;NOME FANTASIA;MATRIZ/FILIAL;SITUAÇÃO CADASTRAL;DATA INICIO ATIVIDADE;DATA INICIO ATIVIDADE (BR);DESCRIÇÃO MOTIVO;DATA SITUAÇÃO CADASTRAL;DATA SITUAÇÃO CADASTRAL (BR);CNAE PRINCIPAL;CNAE SECUNDÁRIO;NATUREZA JURÍDICA;CAPITAL SOCIAL;PORTE;OPTANTE SIMPLES;OPTANTE MEI;LOGRADOURO;NÚMERO;COMPLEMENTO;BAIRRO;CEP;UF;MUNICIPIO;DDD 1;TELEFONE 1;DDD 2;TELEFONE 2;EMAIL
43.147.257/0001-83;A.M CONVENIENCIA E TABACARIA LTDA;A.M CONVENIENCIA E TABACARIA;1;ATIVA;16/08/2021;16/08/2021;NULL;07/03/2025;07/03/2025;Comércio varejista de mercadorias em lojas de conveniência;NULL;Sociedade Empresária Limitada;80000.00;MICRO EMPRESA;S;N;APOSTOLO PASCHOAL;394;SALA  02;CANASVIEIRAS;88054100;SC;FLORIANOPOLIS;48;99955837;;;PROCESSOS@GEOFLORIPA.COM
48.670.758/0001-63;ALL BEER ARMAZEM E CONVENIENCIA LTDA;ALL BEER ARMAZEM E CONVENIENCIA;1;ATIVA;21/11/2022;21/11/2022;NULL;21/11/2022;21/11/2022;Comércio varejista de mercadorias em lojas de conveniência;NULL;Sociedade Empresária Limitada;120000.00;MICRO EMPRESA;S;N;APOSTOLO PASCHOAL;464;SALA;CANASVIEIRAS;88054100;SC;FLORIANOPOLIS;48;88143052;;;ALLBEERCONVENIENCIA@GMAIL.COM
49.781.425/0001-74;ADAO FOGACA DE ALMEIDA JUNIOR LTDA;MERCADO ALMEIDA JR;1;ATIVA;02/03/2023;02/03/2023;NULL;02/03/2023;02/03/2023;Comércio varejista de mercadorias em geral com predominância de produtos alimentícios - minimercados mercearias e armazéns;NULL;Sociedade Empresária Limitada;20000.00;MICRO EMPRESA;S;N;DOUGLAS SEABRA LEVIER;216;;CARVOEIRA;88040410;SC;FLORIANOPOLIS;48;88191339;;;JUNIORALMEIDACAPITAO@GMAIL.COM
46.332.808/0001-77;FERNANDO SCHNEIDER 06942810932;CONVENIENCIAS SR. ZE;1;ATIVA;10/05/2022;10/05/2022;NULL;10/05/2022;10/05/2022;Comércio varejista de bebidas;NULL;Empresário (Individual);10000.00;MICRO EMPRESA;S;N;PREFEITO DIB CHEREM;2257;;CAPOEIRAS;88090000;SC;FLORIANOPOLIS;48;84321996;;;FERNANDOSCHNEIDER975@GMAIL.COM
48.020.613/0001-17;MINI MERCADO MANUELLA LTDA;SUPERMERCADO MANUELLA;1;ATIVA;20/09/2022;20/09/2022;NULL;20/09/2022;20/09/2022;Comércio varejista de mercadorias em geral com predominância de produtos alimentícios - minimercados mercearias e armazéns;Comércio varejista de mercadorias em lojas de conveniência;Sociedade Empresária Limitada;10000.00;MICRO EMPRESA;N;N;GOVERNADOR IVO SILVEIRA;1390;;ESTREITO;88075005;SC;FLORIANOPOLIS;48;84275832;;;ROSY_MLK@HOTMAIL.COM
49.319.546/0001-07;BONA CONVENIENCIA LTDA;BONA CONVENIENCIA;1;ATIVA;24/01/2023;24/01/2023;NULL;24/01/2023;24/01/2023;Comércio varejista de bebidas;NULL;Sociedade Empresária Limitada;50000.00;MICRO EMPRESA;S;N;PROFESSORA ROSINHA CAMPOS;15;SALA  02 E 03;ABRAAO;88085160;SC;FLORIANOPOLIS;48;91775869;;;AUGUSTOMURAT@GMAIL.COM
39.479.623/0001-24;ROSALINA CELIA CARVALHO DE FRAGA LTDA;MERCADO FRAGA;1;ATIVA;19/10/2020;19/10/2020;NULL;19/10/2020;19/10/2020;Comércio varejista de mercadorias em geral com predominância de produtos alimentícios - minimercados mercearias e armazéns;NULL;Sociedade Empresária Limitada;10000.00;MICRO EMPRESA;S;N;QUINZE DE NOVEMBRO;128;ANDAR TERREO;BALNEARIO;88075220;SC;FLORIANOPOLIS;48;30303025;;;CELIAFRAGA12@GMAIL.COM
38.170.600/0001-70;DISK TRAGO CONVENIENCIA E MERCEARIA LTDA;DISK TRAGO CONVENIENCIA;1;ATIVA;20/08/2020;20/08/2020;NULL;20/08/2020;20/08/2020;Comércio varejista de mercadorias em geral com predominância de produtos alimentícios - minimercados mercearias e armazéns;Bares e outros estabelecimentos especializados em servir bebidas sem entretenimento;Sociedade Empresária Limitada;10000.00;MICRO EMPRESA;S;N;FRANCISCO MAGNO VIEIRA;2785;;RIO TAVARES;88063700;SC;FLORIANOPOLIS;48;91062104;;;DISKTRAGO.COMERCIAL@GMAIL.COM
83.646.984/0107-68;A. ANGELONI & CIA. LTDA;SUPERMERCADOS ANGELONI;2;ATIVA;24/03/2022;24/03/2022;NULL;24/03/2022;24/03/2022;Comércio varejista de mercadorias em geral com predominância de produtos alimentícios - supermercados;NULL;Sociedade Empresária Limitada;61924500.00;DEMAIS;NULL;NULL;HOEPCKE;168;;CENTRO;88010130;SC;FLORIANOPOLIS;48;34617500;;;ADM.EDI@ANGELONI.COM.BR
48.199.211/0001-21;MERCADO ROSA LTDA;MERCADO ROSA;1;ATIVA;05/10/2022;05/10/2022;NULL;05/10/2022;05/10/2022;Comércio varejista de mercadorias em geral com predominância de produtos alimentícios - minimercados mercearias e armazéns;Comércio varejista de produtos alimentícios em geral ou especializado em produtos alimentícios não especificados anteriormente;Sociedade Empresária Limitada;1000.00;MICRO EMPRESA;S;N;JOAO DA CRUZ MEIRA;257;;TRINDADE;88036115;SC;FLORIANOPOLIS;48;96963846;;;GUSTMACHADO97@GMAIL.COM
54.972.900/0001-20;MERCADO DA PRAIA COMERCIO VAREJISTA DE ALIMENTOS LTDA;MERCADO DA PRAIA;1;ATIVA;02/05/2024;02/05/2024;NULL;02/05/2024;02/05/2024;Comércio varejista de mercadorias em geral com predominância de produtos alimentícios - minimercados mercearias e armazéns;NULL;Sociedade Empresária Limitada;60000.00;MICRO EMPRESA;S;N;PROF ABELARDO SOUZA C07096;148;;BARRA DA LAGOA;88061110;SC;FLORIANOPOLIS;48;91599395;;;MERCADOBOMPRECO110@GMAIL.COM
52.303.936/0001-95;CAMILA GARCIA FURTADO;CR LAVACAR E CONVENIENCIA;1;ATIVA;25/09/2023;25/09/2023;NULL;25/09/2023;25/09/2023;Serviços de lavagem lubrificação e polimento de veículos automotores;NULL;Empresário (Individual);50000.00;MICRO EMPRESA;S;N;RANULPHO JOSE DE SOUZA SOBRINHO;31;;CANASVIEIRAS;88054430;SC;FLORIANOPOLIS;11;70963992;;;CAMILAGARCIAF@HOTMAIL.COM
50.584.656/0001-77;TATIANI & LUIZ LTDA;MERCADO DA ILHA;1;ATIVA;08/05/2023;08/05/2023;NULL;08/05/2023;08/05/2023;Comércio varejista de mercadorias em geral com predominância de produtos alimentícios - minimercados mercearias e armazéns;NULL;Sociedade Empresária Limitada;50000.00;MICRO EMPRESA;S;N;CANDIDO PEREIRA DOS ANJOS;3020;SALA  01;SAO JOAO DO RIO VERMELHO;88060300;SC;FLORIANOPOLIS;48;92078743;0;0;TATYKAUAN27@GMAIL.COM
53.190.512/0001-24;TATIANI & LUIZ II LTDA;MERCADO DA ILHA;1;ATIVA;13/12/2023;13/12/2023;NULL;13/12/2023;13/12/2023;Padaria e confeitaria com predominância de revenda;NULL;Sociedade Empresária Limitada;50000.00;MICRO EMPRESA;S;N;JOAO GUALBERTO SOARES;7421;SALA  02;SAO JOAO DO RIO VERMELHO;88060000;SC;FLORIANOPOLIS;48;92078743;;;TATYKAUAN27@GMAIL.COM
54.649.817/0001-14;B&S MINI MERCADO E PADARIA LTDA;B&S MERCADO E PADARIA;1;ATIVA;09/04/2024;09/04/2024;NULL;09/04/2024;09/04/2024;Comércio varejista de mercadorias em geral com predominância de produtos alimentícios - minimercados mercearias e armazéns;NULL;Sociedade Empresária Limitada;30000.00;EMPRESA DE PEQUENO PORTE;NULL;NULL;LAURO LINHARES X64063;688;SALA  3A;TRINDADE;88036001;SC;FLORIANOPOLIS;47;33460050;0;0;CONTATO@SOTECCONTABIL.COM.BR
47.922.849/0002-67;MEVI MERCADO LTDA;MEVI MERCADO;2;ATIVA;09/07/2024;09/07/2024;NULL;14/08/2024;14/08/2024;Comércio varejista de mercadorias em geral com predominância de produtos alimentícios - minimercados mercearias e armazéns;NULL;Sociedade Empresária Limitada;150000.00;MICRO EMPRESA;S;N;EST CRISTOVAO MACHADO DE CAMPOS;3421;LETRA A;SAO JOAO DO RIO VERMELHO;88052600;SC;FLORIANOPOLIS;48;96250101;;;RYAN_MARTINI@OUTLOOK.COM
03.345.996/0001-65;FAMILIA ROVERE LTDA;MERCADO ROVERE;1;ATIVA;17/08/1999;17/08/1999;NULL;17/08/1999;17/08/1999;Fabricação de produtos de padaria e confeitaria com predominância de produção própria;Comércio varejista de mercadorias em geral com predominância de produtos alimentícios - minimercados mercearias e armazéns;Sociedade Empresária Limitada;90000.00;MICRO EMPRESA;S;N;JOSE CORREIA;490;;TAPERA;88049400;SC;FLORIANOPOLIS;48;33371466;48;91227532;
03.395.833/0001-97;LEILA APARECIDA DE OLIVEIRA PINHEIRO & CIA LTDA;MINIMERCADO ILHABELA;1;ATIVA;01/09/1999;01/09/1999;NULL;05/07/2003;05/07/2003;Comércio varejista de produtos alimentícios em geral ou especializado em produtos alimentícios não especificados anteriormente;NULL;Sociedade Empresária Limitada;0.00;MICRO EMPRESA;S;N;ISID DUTRA;96;;SAMBAQUI;88051010;SC;FLORIANOPOLIS;48;32351670;;;MERC.ILHABELLA@HOTMAIL.COM
53.063.775/0001-72;KIOSKO CONVENIENCIAS 24H LTDA;KIOSKO CONVENIENCIAS 24H;1;ATIVA;30/11/2023;30/11/2023;NULL;30/11/2023;30/11/2023;Comércio varejista de mercadorias em lojas de conveniência;NULL;Sociedade Empresária Limitada;25000.00;EMPRESA DE PEQUENO PORTE;S;N;LUIZ BOITEUX PIAZZA;3657;TERREO;CACHOEIRA DO BOM JESUS;88056000;SC;FLORIANOPOLIS;48;98574659;;;PAMEDAFFU@GMAIL.COM
04.031.026/0011-20;HIPER SELECT SUPERMERCADOS LTDA.;HIPER SELECT SUPERMERCADOS;2;ATIVA;17/04/2023;17/04/2023;NULL;17/04/2023;17/04/2023;Comércio varejista de mercadorias em geral com predominância de produtos alimentícios - supermercados;NULL;Sociedade Empresária Limitada;6000000.00;DEMAIS;NULL;NULL;CAMPECHE;2865;;CAMPECHE;88063300;SC;FLORIANOPOLIS;48;32346570;;;CPD09@HIPERSELECT.COM.BR
05.539.046/0001-05;MARIA DA PIEDADE SOBERANSKI;MERCADO ITACORUBI;1;ATIVA;20/02/2003;20/02/2003;NULL;20/02/2003;20/02/2003;Comércio varejista de mercadorias em geral com predominância de produtos alimentícios - minimercados mercearias e armazéns;Bares e outros estabelecimentos especializados em servir bebidas sem entretenimento;Empresário (Individual);0.00;EMPRESA DE PEQUENO PORTE;S;N;ANTONIO JOAQUIM DE FREITAS;39;;ITACORUBI;88034200;SC;FLORIANOPOLIS;48;33340502;48;84147275;MARIASOBERANSKI@HOTMAIL.COM
73.983.199/0001-99;MERCADO TROPICAL SUL LTDA;MERCADO TROPICAL SUL;1;ATIVA;03/01/1994;03/01/1994;NULL;06/10/2001;06/10/2001;Comércio varejista de mercadorias em geral com predominância de produtos alimentícios - minimercados mercearias e armazéns;NULL;Sociedade Empresária Limitada;70000.00;EMPRESA DE PEQUENO PORTE;S;N;ANTONIO DOMINGOS DE SOUZA;140;;CARIANOS;88047585;SC;FLORIANOPOLIS;48;32261019;;;LEO.TROP@HOTMAIL.COM
82.956.160/0016-50;MUNDIALMIX COMERCIO DE ALIMENTOS LTDA;SUPERMERCADO IMPERATRIZ;2;ATIVA;06/10/1989;06/10/1989;NULL;31/12/2004;31/12/2004;Comércio varejista de mercadorias em geral com predominância de produtos alimentícios - supermercados;NULL;Sociedade Empresária Limitada;2616000.00;DEMAIS;NULL;NULL;MAX DE SOUZA;740;;COQUEIROS;88080000;SC;FLORIANOPOLIS;;;;;
83.646.984/0014-24;A. ANGELONI & CIA. LTDA;SUPERMERCADOS ANGELONI;2;ATIVA;31/08/1983;31/08/1983;NULL;03/11/2005;03/11/2005;Comércio varejista de mercadorias em geral com predominância de produtos alimentícios - supermercados;NULL;Sociedade Empresária Limitada;61924500.00;DEMAIS;NULL;NULL;ESTEVES JUNIOR;307;LOJA;CENTRO;88015130;SC;FLORIANOPOLIS;48;32166250;;;ADM.EDI@ANGELONI.COM.BR
78.654.019/0001-49;MERCADO COSTA LTDA;MINI MERCADO COSTA;1;ATIVA;08/02/1985;08/02/1985;NULL;03/11/2005;03/11/2005;Comércio varejista de mercadorias em geral com predominância de produtos alimentícios - minimercados mercearias e armazéns;NULL;Sociedade Empresária Limitada;30000.00;EMPRESA DE PEQUENO PORTE;N;N;LUIZ BOITEUX PIAZZA;5528;SALA;CACHOEIRA BOM JESUS;88056000;SC;FLORIANOPOLIS;;;;;
83.813.188/0001-14;MINIMERCADO DEGA LTDA;MINIMERCADO DEGA;1;ATIVA;26/06/1979;26/06/1979;NULL;03/11/2005;03/11/2005;Comércio varejista de mercadorias em geral com predominância de produtos alimentícios - minimercados mercearias e armazéns;NULL;Sociedade Empresária Limitada;20000.00;EMPRESA DE PEQUENO PORTE;S;N;JOSE OLIMPIO DA SILVA;200;;TAPERA;88049500;SC;FLORIANOPOLIS;48;36587109;;;SOCIETARIO@R4SOLUCOESCONTABEIS.COM.BR
02.510.141/0001-80;AMB SOLUCOES EMPRESARIAIS LTDA;AMB-ASSESSORIA DE MERCADO BRASIL;1;ATIVA;08/05/1998;08/05/1998;NULL;27/08/2005;27/08/2005;Atividades de consultoria em gestão empresarial exceto consultoria técnica específica;NULL;Sociedade Empresária Limitada;34000.00;DEMAIS;S;N;RIO BRANCO;404;TORRE IISALA  1203;CENTRO;88015200;SC;FLORIANOPOLIS;53;84029091;;;PAVAO@AMBCONSULTORIA.COM.BR
00.883.635/0001-84;DINASA COMERCIAL LTDA;MERCADO ENGENHO NOVO;1;ATIVA;30/10/1995;30/10/1995;NULL;30/04/2005;30/04/2005;Comércio varejista de mercadorias em geral com predominância de produtos alimentícios - minimercados mercearias e armazéns;NULL;Sociedade Empresária Limitada;29000.00;EMPRESA DE PEQUENO PORTE;N;N;JOAO PACHECO DA COSTA;384;;LAGOA DA CONCEICAO;88062100;SC;FLORIANOPOLIS;48;36587109;;;SOCIETARIO@R4SOLUCOESCONTABEIS.COM.BR
03.319.975/0001-75;KI-SOMBRA MINIMERCADO LTDA;KI-SOMBRA MINIMERCADO;1;ATIVA;03/08/1999;03/08/1999;NULL;NULL;NULL;Comércio varejista de mercadorias em geral com predominância de produtos alimentícios - minimercados mercearias e armazéns;NULL;Sociedade Empresária Limitada;0.00;MICRO EMPRESA;S;N;SC 406;6.977;;ARM. PANTANO DO SUL;88066000;SC;FLORIANOPOLIS;;;;;
83.646.984/0035-59;A. ANGELONI & CIA. LTDA;SUPERMERCADOS ANGELONI;2;ATIVA;19/10/2000;19/10/2000;NULL;03/11/2005;03/11/2005;Comércio varejista de mercadorias em geral com predominância de produtos alimentícios - supermercados;NULL;Sociedade Empresária Limitada;61924500.00;DEMAIS;NULL;NULL;NIBERTO HAASE;75;;SANTA MONICA;88035215;SC;FLORIANOPOLIS;48;32156200;;;ADM.EDI@ANGELONI.COM.BR
04.554.177/0001-90;STURMER & CARVALHO LTDA;MERCADO SILVIA;1;ATIVA;12/07/2001;12/07/2001;NULL;02/04/2004;02/04/2004;Comércio varejista de mercadorias em geral com predominância de produtos alimentícios - minimercados mercearias e armazéns;NULL;Sociedade Empresária Limitada;170000.00;MICRO EMPRESA;S;N;PEDRO MANOEL MOREIRA;293;PAVMTOSUPERIOR;RIBEIRAO DA ILHA;88064041;SC;FLORIANOPOLIS;48;33388067;;;
00.778.705/0001-34;CAMPOS & GARCIA LTDA;MERCADO CACHOEIRA;1;ATIVA;29/08/1995;29/08/1995;NULL;30/04/2005;30/04/2005;Comércio varejista de mercadorias em geral com predominância de produtos alimentícios - minimercados mercearias e armazéns;NULL;Sociedade Empresária Limitada;0.00;EMPRESA DE PEQUENO PORTE;N;N;LUIZ BOITEUX PIAZZA;S/N;;CACH BOM JESUS;88056000;SC;FLORIANOPOLIS;;;;;
83.646.984/0016-96;A. ANGELONI & CIA. LTDA;SUPERMERCADOS ANGELONI;2;ATIVA;19/01/1987;19/01/1987;NULL;03/11/2005;03/11/2005;Comércio varejista de mercadorias em geral com predominância de produtos alimentícios - hipermercados;NULL;Sociedade Empresária Limitada;61924500.00;DEMAIS;NULL;NULL;GOVERNADOR IVO SILVEIRA;2445;;CAPOEIRAS;88085001;SC;FLORIANOPOLIS;48;32717500;;;ADM.EDI@ANGELONI.COM.BR
08.785.994/0001-00;JFS MINIMERCADO LTDA;MERCADO VIA SUL;1;ATIVA;26/04/2007;26/04/2007;NULL;10/02/2025;10/02/2025;Comércio varejista de mercadorias em geral com predominância de produtos alimentícios - minimercados mercearias e armazéns;NULL;Sociedade Empresária Limitada;10000.00;MICRO EMPRESA;N;N;SC 405;3247;;CAMPECHE;88065000;SC;FLORIANOPOLIS;48;99777467;;;
13.724.204/0001-17;DAIANA TEREZINHA DONIN;MERCADO E CAFE CANAJURE;1;ATIVA;27/05/2011;27/05/2011;NULL;27/05/2011;27/05/2011;Comércio varejista de mercadorias em geral com predominância de produtos alimentícios - minimercados mercearias e armazéns;NULL;Empresário (Individual);5000.00;MICRO EMPRESA;S;N;TERTULIANO DE BRITO XAVIER;2489;;JURERE;88054601;SC;FLORIANOPOLIS;48;38792797;48;96484873;DONINDAIANA@GMAIL.COM
15.869.400/0001-05;SUPERMERCADO SONIC LTDA;SUPERMERCADO SONIC;1;ATIVA;02/07/2012;02/07/2012;NULL;02/07/2012;02/07/2012;Comércio varejista de mercadorias em geral com predominância de produtos alimentícios - supermercados;NULL;Sociedade Empresária Limitada;100000.00;MICRO EMPRESA;S;N;VIRGILIO VARZEA;1204;;SACO GRANDE;88032001;SC;FLORIANOPOLIS;48;84172988;;;
11.083.570/0001-09;PANIFICADORA E MERCADO PEIXOTO LTDA;PANIFICADORA E MERCADO PEIXOTO;1;ATIVA;21/08/2009;21/08/2009;NULL;21/08/2009;21/08/2009;Comércio varejista de mercadorias em geral com predominância de produtos alimentícios - minimercados mercearias e armazéns;Fabricação de produtos de padaria e confeitaria com predominância de produção própria;Sociedade Empresária Limitada;10000.00;EMPRESA DE PEQUENO PORTE;S;N;BALDICERO FILOMENO;1126;;RIBEIRAO DA ILHA;88064001;SC;FLORIANOPOLIS;48;32345778;;;
14.712.875/0001-20;AIRTON SATURNINO VIEIRA JUNIOR & CIA LTDA;MINIMERCADO NOELI;1;ATIVA;30/11/2011;30/11/2011;NULL;30/11/2011;30/11/2011;Comércio varejista de mercadorias em geral com predominância de produtos alimentícios - minimercados mercearias e armazéns;NULL;Sociedade Empresária Limitada;5000.00;MICRO EMPRESA;S;N;JORNALISTA MANOEL DE MENEZES;2919;;BARRA DA LAGOA;88061700;SC;FLORIANOPOLIS;48;32323453;;;
12.565.728/0001-40;JORGE LUIZ DA SILVA;MERCEARIA SAO JORGE;1;ATIVA;22/09/2010;22/09/2010;NULL;17/12/2021;17/12/2021;Comércio varejista de mercadorias em geral com predominância de produtos alimentícios - minimercados mercearias e armazéns;NULL;Empresário (Individual);5000.00;MICRO EMPRESA;N;N;SILVA JARDIM;73;;CENTRO;88020200;SC;FLORIANOPOLIS;48;32240174;48;32258715;
14.134.606/0001-24;SUPERMERCADO SERRA & MAR LTDA;SUPERMERCADO SERRA & MAR;1;ATIVA;17/08/2011;17/08/2011;NULL;17/08/2011;17/08/2011;Comércio varejista de mercadorias em geral com predominância de produtos alimentícios - supermercados;NULL;Sociedade Empresária Limitada;65000.00;MICRO EMPRESA;N;N;LEONEL PEREIRA;1144;;CACHOEIRA DO BOM JESUS;88056300;SC;FLORIANOPOLIS;48;32848762;;;
03.714.371/0003-95;SUPERMERCADO SANTO ANTONIO LTDA;MERCADO SANTO ANTONIO;2;ATIVA;08/11/2012;08/11/2012;NULL;08/11/2012;08/11/2012;Comércio varejista de mercadorias em geral com predominância de produtos alimentícios - supermercados;NULL;Sociedade Empresária Limitada;50000.00;DEMAIS;N;N;ARMANDO CALIL BULOS;2453;SC 403;VARGEM DO BOM JESUS;88058000;SC;FLORIANOPOLIS;48;32630693;;;SOCIETARIO@ASSECONTABIL.COM.BR
21.794.610/0001-84;MERCADO BARRA DO SAMBAQUI LTDA;MERCADO ILHA BELA;1;ATIVA;30/01/2015;30/01/2015;NULL;30/01/2015;30/01/2015;Comércio varejista de produtos alimentícios em geral ou especializado em produtos alimentícios não especificados anteriormente;NULL;Sociedade Empresária Limitada;95000.00;MICRO EMPRESA;S;N;ANTONIO FABRICIANO QUEIROZ;222;;SAMBAQUI;88051030;SC;FLORIANOPOLIS;48;91820774;;;MERC.ILHABELLA@HOTMAIL.COM
27.386.243/0001-66;MINIMERCADO BASTOS LTDA;MINI MERCADO BASTOS;1;ATIVA;24/03/2017;24/03/2017;NULL;24/03/2017;24/03/2017;Comércio varejista de mercadorias em geral com predominância de produtos alimentícios - minimercados mercearias e armazéns;NULL;Sociedade Empresária Limitada;1000.00;MICRO EMPRESA;S;N;BALDICERO FILOMENO;1923;;RIBEIRAO DA ILHA;88064001;SC;FLORIANOPOLIS;48;84813693;;;aorleans1973@gmail.com
29.072.687/0001-52;CHARLES ARCHANJO GARBELOTTI LTDA;CONVENIENCIA DA GENERAL;1;ATIVA;14/11/2017;14/11/2017;NULL;24/05/2024;24/05/2024;Comércio varejista de bebidas;NULL;Sociedade Empresária Limitada;40000.00;MICRO EMPRESA;N;N;GENERAL BITTENCOURT;205;SALA 01;CENTRO;88020100;SC;FLORIANOPOLIS;48;88347794;;;CHARLESGARBELOTTI@GMAIL.COM
19.238.828/0001-00;ITAMAR JOSE TEREBINTO;MERCADO VITORIA;1;ATIVA;12/11/2013;12/11/2013;NULL;21/06/2022;21/06/2022;Comércio varejista de mercadorias em geral com predominância de produtos alimentícios - minimercados mercearias e armazéns;NULL;Empresário (Individual);5000.00;MICRO EMPRESA;N;N;CONSELHEIRO MAFRA;681;;CENTRO;88010100;SC;FLORIANOPOLIS;48;84835445;48;84801638;fernandoparaiso@yahoo.com.br
28.687.947/0001-31;STEPHANI MACHADO RODRIGUES DA SILVA;MERCADO SKINA;1;ATIVA;20/09/2017;20/09/2017;NULL;20/09/2017;20/09/2017;Comércio varejista de mercadorias em geral com predominância de produtos alimentícios - minimercados mercearias e armazéns;NULL;Empresário (Individual);40000.00;MICRO EMPRESA;S;N;DAS PAPOULAS;100;;DANIELA;88053150;SC;FLORIANOPOLIS;48;33077032;48;96254970;MERCADOTEMDITUDO2@HOTMAIL.COM
31.138.256/0001-93;ILHABELA MERCADO LTDA;MERCADO ILHABELA;1;ATIVA;07/08/2018;07/08/2018;NULL;07/08/2018;07/08/2018;Comércio varejista de mercadorias em geral com predominância de produtos alimentícios - minimercados mercearias e armazéns;NULL;Sociedade Empresária Limitada;120000.00;MICRO EMPRESA;S;N;JOAO PAULO;1115;;JOAO PAULO;88030300;SC;FLORIANOPOLIS;48;88422107;48;91820774;MERC.ILHABELLA@HOTMAIL.COM
36.478.538/0001-53;MINI MERCADO PLANTAO LTDA;MINI MERCADO PLANTAO 24 HORAS;1;ATIVA;26/02/2020;26/02/2020;NULL;26/02/2020;26/02/2020;Comércio varejista de mercadorias em geral com predominância de produtos alimentícios - minimercados mercearias e armazéns;NULL;Sociedade Empresária Limitada;1000.00;MICRO EMPRESA;S;N;SANTOS SARAIVA;1088;SALA  COM ESQUINA;CAPOEIRAS;88070101;SC;FLORIANOPOLIS;48;99952855;;;CONTABILIDADEPLANTAO@GMAIL.COM
40.771.747/0001-68;DAIANE DA ROSA;MERCADO ZAMPIERI;1;ATIVA;09/02/2021;09/02/2021;NULL;09/02/2021;09/02/2021;Comércio varejista de mercadorias em geral com predominância de produtos alimentícios - minimercados mercearias e armazéns;NULL;Empresário (Individual);25000.00;MICRO EMPRESA;S;N;JOSE CORREIA;803;SALA 02 03;TAPERA DA BASE;88049400;SC;FLORIANOPOLIS;48;98022203;;;ARIELSTEVAN@GMAIL.COM
36.935.456/0001-90;LAPA CONVENIENCIA LTDA;LAPA CONVENIENCIA;1;ATIVA;15/04/2020;15/04/2020;NULL;15/04/2020;15/04/2020;Comércio varejista de bebidas;NULL;Sociedade Empresária Limitada;1000.00;EMPRESA DE PEQUENO PORTE;S;N;JOAO GUALBERTO SOARES;4372;;INGLESES DO RIO VERMELHO;88058300;SC;FLORIANOPOLIS;48;98045816;;;LEONARDOLAPA685@GMAIL.COM
39.509.827/0001-60;ALTAS HORAS BEBIDAS E CONVENIENCIA LTDA;ALTAS HORAS BEBIDAS E CONVENIENCIAS;1;ATIVA;21/10/2020;21/10/2020;NULL;21/10/2020;21/10/2020;Comércio varejista de mercadorias em lojas de conveniência;NULL;Sociedade Empresária Limitada;150000.00;EMPRESA DE PEQUENO PORTE;S;N;JOAO GUALBERTO SOARES;1300;LOJA  05;INGLESES DO RIO VERMELHO;88058300;SC;FLORIANOPOLIS;41;84753010;;;
41.182.323/0001-20;LUCIANO & JEAN MINI MERCADO LTDA;MERCADO PAI & FILHO;1;ATIVA;11/03/2021;11/03/2021;NULL;11/03/2021;11/03/2021;Comércio varejista de mercadorias em geral com predominância de produtos alimentícios - minimercados mercearias e armazéns;NULL;Sociedade Empresária Limitada;50000.00;MICRO EMPRESA;S;N;JOAQUIM NABUCO;2650;TERREO;MONTE CRISTO;88090900;SC;FLORIANOPOLIS;48;96064413;;;JEANCF2013@GMAIL.COM
40.894.801/0001-62;BAR E MERCEARIA MORAES LTDA;BAR E MERCEARIA MORAES;1;ATIVA;18/02/2021;18/02/2021;NULL;18/02/2021;18/02/2021;Comércio varejista de mercadorias em geral com predominância de produtos alimentícios - minimercados mercearias e armazéns;Bares e outros estabelecimentos especializados em servir bebidas sem entretenimento;Sociedade Empresária Limitada;30000.00;MICRO EMPRESA;S;N;CARTUCHO;21;;TRINDADE;88040446;SC;FLORIANOPOLIS;48;96882380;48;32264336;RODRIGO@RHSERVICOSCONTABEIS.COM.BR
37.918.011/0001-65;JACSON MINOZZO;SUPERMERCADO SOL E MAR;1;ATIVA;30/07/2020;30/07/2020;NULL;30/07/2020;30/07/2020;Comércio varejista de mercadorias em geral com predominância de produtos alimentícios - minimercados mercearias e armazéns;NULL;Empresário (Individual);10000.00;EMPRESA DE PEQUENO PORTE;N;N;DOS LORDES;15;SALA  02;INGLESES DO RIO VERMELHO;88058525;SC;FLORIANOPOLIS;48;91787179;;;JACKYYSSON@HOTMAIL.COM
45.965.319/0001-90;VISSOTTO BASSO CONVENIENCIA LTDA;JURERE CONVENIENCIA;1;ATIVA;08/04/2022;08/04/2022;NULL;08/04/2022;08/04/2022;Comércio varejista de mercadorias em lojas de conveniência;Tabacaria;Sociedade Empresária Limitada;30000.00;MICRO EMPRESA;N;N;JORNALISTA MAURICIO SIROTSKY SOBRINHO;5509;;JURERE;88053700;SC;FLORIANOPOLIS;48;99898690;;;JURERECONVENIENCIA@GMAIL.COM
51.054.887/0001-31;MERCADO SANTOS II LTDA;MERCADO SANTOS II;1;ATIVA;15/06/2023;15/06/2023;NULL;15/06/2023;15/06/2023;Comércio varejista de mercadorias em geral com predominância de produtos alimentícios - minimercados mercearias e armazéns;NULL;Sociedade Empresária Limitada;10000.00;MICRO EMPRESA;S;N;ANTONIO CARLOS FERREIRA;857;;AGRONOMICA;88025211;SC;FLORIANOPOLIS;48;99923191;;;ALINYSMB@GMAIL.COM
52.169.490/0001-58;COCONUT CONVENIENCIA LTDA;COCONUT CONVENIENCIA;1;ATIVA;13/09/2023;13/09/2023;NULL;13/09/2023;13/09/2023;Comércio varejista de mercadorias em lojas de conveniência;NULL;Sociedade Empresária Limitada;5000.00;MICRO EMPRESA;S;N;MADRE MARIA VILAC;690;LOJA  01;CANASVIEIRAS;88054001;SC;FLORIANOPOLIS;48;88785846;;;COCONUTKIOSKO@GMAIL.COM
52.365.252/0001-18;FB COMERCIO LTDA;MERCADO JARDINS;1;ATIVA;29/09/2023;29/09/2023;NULL;29/09/2023;29/09/2023;Comércio varejista de mercadorias em geral com predominância de produtos alimentícios - minimercados mercearias e armazéns;NULL;Sociedade Empresária Limitada;200000.00;EMPRESA DE PEQUENO PORTE;S;N;ORLANDO ODILIO KOERICH;156;LOJA  02 E 03;JARDIM ATLANTICO;88095152;SC;FLORIANOPOLIS;48;99999999;;;MINIMERCADOJARDINS@GMAIL.COM
76.577.949/0001-10;MERCEARIA FLOR DA ILHA LTDA;MERCEARIA FLOR DA ILHA;1;ATIVA;31/01/1983;31/01/1983;NULL;03/11/2005;03/11/2005;Comércio varejista de mercadorias em geral com predominância de produtos alimentícios - minimercados mercearias e armazéns;Lanchonetes casas de chá de sucos e similares;Sociedade Empresária Limitada;3000.00;EMPRESA DE PEQUENO PORTE;S;N;CAMPECHE;1539;;CAMPECHE;88063300;SC;FLORIANOPOLIS;48;32374409;;;
06.276.569/0001-60;MERCADO MODESTO - LTDA;MERCADO MODESTO;1;ATIVA;24/05/2004;24/05/2004;NULL;03/11/2005;03/11/2005;Comércio varejista de mercadorias em geral com predominância de produtos alimentícios - minimercados mercearias e armazéns;NULL;Sociedade Empresária Limitada;10000.00;MICRO EMPRESA;S;N;VEREADOR ONILDO LEMOS;1748;;SANTINHO;88058700;SC;FLORIANOPOLIS;48;84662913;;;CANTORAFERNANDAMARTINSFPOLIS@HOTMAIL.COM
04.919.356/0001-84;MERCADO DEGANI LTDA;MERCADO DEGANI;1;ATIVA;29/08/2001;29/08/2001;NULL;03/09/2005;03/09/2005;Comércio varejista de mercadorias em geral com predominância de produtos alimentícios - minimercados mercearias e armazéns;Fabricação de produtos de carne;Sociedade Empresária Limitada;15000.00;MICRO EMPRESA;N;N;JARDIM DOS EUCALIPTOS;2343;;CAMPECHE;88063270;SC;FLORIANOPOLIS;48;33388211;48;99947455;MERCADOCOMPREBEMCAMPECHE@GMAIL.COM
03.082.365/0001-09;LORI LENE KAPPES NABAR E CIA LTDA;MERCADO VITORIA;1;ATIVA;08/04/1999;08/04/1999;NULL;03/11/2005;03/11/2005;Comércio varejista de mercadorias em geral com predominância de produtos alimentícios - minimercados mercearias e armazéns;Bares e outros estabelecimentos especializados em servir bebidas sem entretenimento;Sociedade Empresária Limitada;5000.00;MICRO EMPRESA;S;N;PEDRO CASTANHO;720;;RIBEIRAO DA ILHA;88064037;SC;FLORIANOPOLIS;48;84412751;;;LORILENKAPPPES2@GMAIL.COM
08.942.142/0001-80;SACOLAO MERCADO E ACOUGUE LTDA;SACOLAO MERCADO E ACOUGUE;1;ATIVA;19/07/2007;19/07/2007;NULL;14/01/2022;14/01/2022;Comércio varejista de mercadorias em geral com predominância de produtos alimentícios - minimercados mercearias e armazéns;NULL;Sociedade Empresária Limitada;95400.00;EMPRESA DE PEQUENO PORTE;N;N;JOAO GUALBERTO SOARES;1.235;;INGLESES DO RIO VERMELHO;88058300;SC;FLORIANOPOLIS;48;33692141;;;
15.791.989/0001-76;MERCEARIA GIOVANI LTDA;MERCEARIA GIOVANI;1;ATIVA;21/06/2012;21/06/2012;NULL;21/06/2012;21/06/2012;Comércio varejista de mercadorias em geral com predominância de produtos alimentícios - minimercados mercearias e armazéns;NULL;Sociedade Empresária Limitada;170000.00;EMPRESA DE PEQUENO PORTE;S;N;DA ICARA;202;;MONTE VERDE;88032500;SC;FLORIANOPOLIS;48;32386987;;;
17.212.125/0001-88;ANDREZA DA COSTA SCHLICHTING;MERCADO COSTA;1;ATIVA;20/11/2012;20/11/2012;NULL;20/11/2012;20/11/2012;Comércio varejista de mercadorias em geral com predominância de produtos alimentícios - supermercados;NULL;Empresário (Individual);20000.00;EMPRESA DE PEQUENO PORTE;N;N;DEPUTADO DIOMICIO FREITAS;2702;;CARIANOS;88047402;SC;FLORIANOPOLIS;48;40093346;;;SUPERCOSTA4@HOTMAIL.COM
17.232.147/0001-00;SUPERMERCADOS DEZIMAS LTDA;SUPERMERCADOS DEZIMAS;1;ATIVA;26/11/2012;26/11/2012;NULL;16/11/2023;16/11/2023;Comércio varejista de mercadorias em geral com predominância de produtos alimentícios - supermercados;NULL;Sociedade Empresária Limitada;120000.00;MICRO EMPRESA;NULL;NULL;CAMPECHE;2064;;CAMPECHE;88063300;SC;FLORIANOPOLIS;48;32245156;48;32246234;
12.036.001/0001-75;MEYER & MEYER FASHION MODAS LTDA;MINI MERCADO FASHION;1;ATIVA;02/06/2010;02/06/2010;NULL;02/06/2010;02/06/2010;Comércio atacadista de artigos do vestuário e acessórios exceto profissionais e de segurança;NULL;Sociedade Empresária Limitada;30000.00;MICRO EMPRESA;S;N;ADMAR GONZAGA;755;"SALA: 604""";ITACORUBI;88034001;SC;FLORIANOPOLIS;48;99125945;;;
14.436.798/0001-23;RESTAURANTE E MERCEARIA DA PRAIA LTDA;RESTAURANTE E MERCEARIA DA PRAIA;1;ATIVA;04/10/2011;04/10/2011;NULL;04/10/2011;04/10/2011;Restaurantes e similares;NULL;Sociedade Empresária Limitada;6000.00;MICRO EMPRESA;S;N;DAS PALMEIRAS;461;QUADRA13LOTE  202;DANIELA;88053010;SC;FLORIANOPOLIS;48;30284170;;;
18.388.004/0001-54;TADEU RODRIGUES DE BARROS;MERCADO SANTA TEREZA;1;ATIVA;27/06/2013;27/06/2013;NULL;27/06/2013;27/06/2013;Comércio varejista de mercadorias em geral com predominância de produtos alimentícios - minimercados mercearias e armazéns;NULL;Empresário (Individual);5000.00;MICRO EMPRESA;S;N;DO CONSELHO;60;;TAPERA;88049163;SC;FLORIANOPOLIS;48;99501791;;;TADEUBARROS78@GMAIL.COM
18.588.783/0001-31;MERCADO LAGOA COMERCIO DE ALIMENTOS LTDA;MERCADO LAGOA;1;ATIVA;29/07/2013;29/07/2013;NULL;29/07/2013;29/07/2013;Comércio varejista de mercadorias em geral com predominância de produtos alimentícios - minimercados mercearias e armazéns;NULL;Sociedade Empresária Limitada;140000.00;MICRO EMPRESA;S;N;RITA LOURENCO DA SILVEIRA;285;;LAGOA DA CONCEICAO;88062060;SC;FLORIANOPOLIS;48;91777517;;;DARCIFALETTI@HOTMAIL.COM
50.577.232/0001-85;PAULA HULLER CRUZ WILVERT LTDA;NATIVOS HAMBURGUERIA E CONVENIENCIA;1;ATIVA;07/05/2023;07/05/2023;NULL;07/05/2023;07/05/2023;Lanchonetes casas de chá de sucos e similares;NULL;Sociedade Empresária Limitada;10000.00;MICRO EMPRESA;S;N;FRANCISCO VIEIRA;440;QUIOSQ;MORRO DAS PEDRAS;88066010;SC;FLORIANOPOLIS;48;98078706;;;PAULAHULLERC@GMAIL.COM
51.554.407/0001-00;HORA CERTA MERCEARIA E DISTRIBUIDORA LTDA;HORA CERTA MERCEARIA E DISTRIBUIDORA;1;ATIVA;25/07/2023;25/07/2023;NULL;25/07/2023;25/07/2023;Comércio varejista de mercadorias em geral com predominância de produtos alimentícios - minimercados mercearias e armazéns;NULL;Sociedade Empresária Limitada;10000.00;MICRO EMPRESA;S;N;LUIZ BOITEUX PIAZZA;6193;;PONTA DAS CANAS;88056701;SC;FLORIANOPOLIS;48;98057781;;;HORACERTAPONTA@GMAIL.COM
57.419.527/0001-72;RLD MULTIMERCADO FINANCEIRA E IMOBILIARIA LTDA;RLD MULTIMERCADO;1;ATIVA;24/09/2024;24/09/2024;NULL;24/09/2024;24/09/2024;Promoção de vendas;NULL;Sociedade Empresária Limitada;20000.00;MICRO EMPRESA;S;N;SOUZA DUTRA;145;SALA 807  CENTRO EXECUTIVO BEIRA MAR CONTINENTAL;ESTREITO;88070605;SC;FLORIANOPOLIS;41;88141373;;;RODRIGOLDANIELI@GMAIL.COM
22.273.186/0001-95;MERCADO QUEIMADAS LTDA;MERCADO QUEIMADAS;1;ATIVA;16/04/2015;16/04/2015;NULL;16/04/2015;16/04/2015;Comércio varejista de bebidas;Comércio varejista de mercadorias em geral com predominância de produtos alimentícios - minimercados mercearias e armazéns;Sociedade Empresária Limitada;120000.00;MICRO EMPRESA;S;N;JOAO HONORATO SOARES;378;;JOSE MENDES;88021010;SC;FLORIANOPOLIS;48;32258056;48;32469752;MERCADOQUEIMADAS@GMAIL.COM
48.511.116/0001-11;SACOLAO E RESTAURANTE ALIANCA LTDA;SACOLAO ALIANCA;1;ATIVA;04/11/2022;04/11/2022;NULL;04/11/2022;04/11/2022;Comércio varejista de hortifrutigranjeiros;NULL;Sociedade Empresária Limitada;150000.00;MICRO EMPRESA;N;N;JOAO GUALBERTO SOARES;551;ANDAR TERREO;INGLESES DO RIO VERMELHO;88058300;SC;FLORIANOPOLIS;48;98385882;0;0;HELENMORAES2501@GMAIL.COM
54.005.692/0001-90;ANDREIA BEBIDAS E MERCEARIA LTDA;ANDREIA BEBIDAS E MERCEARIA;1;ATIVA;21/02/2024;21/02/2024;NULL;21/02/2024;21/02/2024;Comércio varejista de bebidas;Comércio varejista de hortifrutigranjeiros;Sociedade Empresária Limitada;20000.00;MICRO EMPRESA;S;N;ANAROLINA SILVEIRA SANTOS;305;LOTE  01;VARGEM DO BOM JESUS;88056590;SC;FLORIANOPOLIS;48;88688436;0;0;NUELLOATENDIMENTO@GMAIL.COM
54.990.349/0001-47;MERCADO DAS BEBIDAS LTDA;MERCADO DAS BEBIDAS;1;ATIVA;03/05/2024;03/05/2024;NULL;03/05/2024;03/05/2024;Comércio varejista de mercadorias em lojas de conveniência;NULL;Sociedade Empresária Limitada;50000.00;MICRO EMPRESA;S;N;LUIZ BOITEUX PIAZZA K26684;3537;;CACHOEIRA DO BOM JESUS;88056000;SC;FLORIANOPOLIS;48;92233863;0;0;MERCADOODASBEBIDAS24@GMAIL.COM
49.920.372/0001-25;MERCADO 3 IRMAOS LTDA;MERCADO 3 IRMAOS;1;ATIVA;13/03/2023;13/03/2023;NULL;13/03/2023;13/03/2023;Comércio varejista de mercadorias em geral com predominância de produtos alimentícios - minimercados mercearias e armazéns;NULL;Sociedade Empresária Limitada;60000.00;MICRO EMPRESA;S;N;ALTAMIRO BARCELOS DUTRA;550;;BARRA DA LAGOA;88061300;SC;FLORIANOPOLIS;48;96926698;;;MERCA.3IRMAOS@GMAIL.COM
52.421.207/0001-33;SHAKA DISTRIBUIDORA E CONVENIENCIA LTDA;SHAKA DISTRIBUIDORA E CONVENIENCIA;1;ATIVA;04/10/2023;04/10/2023;NULL;04/10/2023;04/10/2023;Comércio varejista de bebidas;NULL;Sociedade Empresária Limitada;25000.00;MICRO EMPRESA;S;N;GRACILIANO MANOEL GOMES;866;LOJA  02;INGLESES DO RIO VERMELHO;88058200;SC;FLORIANOPOLIS;48;91863380;;;REYSHAKA@ICLOUD.COM
52.595.644/0001-73;SANDRA ZULMA PACIFICO;MERCADO NOVA ALIANCA;1;ATIVA;19/10/2023;19/10/2023;NULL;19/10/2023;19/10/2023;Comércio varejista de mercadorias em geral com predominância de produtos alimentícios - minimercados mercearias e armazéns;Comércio varejista de hortifrutigranjeiros;Empresário (Individual);60000.00;EMPRESA DE PEQUENO PORTE;N;N;JOAO GUALBERTO SOARES;5091;SALA  1;SAO JOAO DO RIO VERMELHO;88060000;SC;FLORIANOPOLIS;48;96839742;0;0;MERCADONOVALIANCA@GMAIL.COM
60.507.305/0001-16;MERCADO ILHA BELA LTDA;MERCADO ILHA BELA;1;ATIVA;23/04/2025;23/04/2025;NULL;23/04/2025;23/04/2025;Comércio varejista de mercadorias em geral com predominância de produtos alimentícios - supermercados;Comércio varejista de mercadorias em geral com predominância de produtos alimentícios - minimercados mercearias e armazéns;Sociedade Empresária Limitada;100000.00;EMPRESA DE PEQUENO PORTE;S;N;LIONS INTERNACIONAL;289;;INGLESES;88058084;SC;FLORIANOPOLIS;48;88709085;;;MERCADOILHABELAFLORIPA@GMAIL.COM
05.494.020/0001-80;MINI MERCADO GAYEGO LTDA;MINI MERCADO FERNANDES;1;ATIVA;23/01/2003;23/01/2003;NULL;03/11/2005;03/11/2005;Comércio varejista de mercadorias em geral com predominância de produtos alimentícios - minimercados mercearias e armazéns;NULL;Sociedade Empresária Limitada;30000.00;MICRO EMPRESA;S;N;PROFESSOR EGIDIO FERREIRA;659;;CAPOEIRAS;88090500;SC;FLORIANOPOLIS;48;32405162;;;RICOGAYEGO@GMAIL.COM
03.714.371/0001-23;SUPERMERCADO SANTO ANTONIO LTDA;SUPERMERCADO SANTO ANTONIO;1;ATIVA;20/08/1999;20/08/1999;NULL;03/11/2005;03/11/2005;Comércio varejista de mercadorias em geral com predominância de produtos alimentícios - supermercados;NULL;Sociedade Empresária Limitada;50000.00;DEMAIS;N;N;CONEGO SERPA;62;LOJA  01;SANTO ANTONIO DE LISBOA;88050440;SC;FLORIANOPOLIS;48;99871618;;;JAQUEMERCADOSANTOANTONIO@HOTMAIL.COM
02.988.536/0001-92;MINIMERCADO EVA LTDA;MERCADO SUPERNORTE;1;ATIVA;10/02/1999;10/02/1999;NULL;30/10/2004;30/10/2004;Comércio varejista de mercadorias em geral com predominância de produtos alimentícios - minimercados mercearias e armazéns;NULL;Sociedade Empresária Limitada;100000.00;DEMAIS;N;N;FABRICIANO INACIO MONTEIRO;2353;FRENTE ROD.SC 403;VARGEM DO BOM JESUS;88058020;SC;FLORIANOPOLIS;48;32695098;;;FINANCEIROSN@REDESUPERNORTE.COM.BR
82.953.779/0001-24;MELO COMERCIO DE ALIMENTOS LTDA;MINIMERCADO E PADARIA;1;ATIVA;08/04/1975;08/04/1975;NULL;03/11/2005;03/11/2005;Comércio varejista de mercadorias em geral com predominância de produtos alimentícios - minimercados mercearias e armazéns;NULL;Sociedade Empresária Limitada;0.00;MICRO EMPRESA;N;N;BALDICERO FILOMENO;1126;;RIBEIRAO DA ILHA;88064000;SC;FLORIANOPOLIS;;;;;
02.902.036/0001-96;SACOLAO DOS INGLESES COMERCIO LTDA;SACOLAO DOS INGLESES;1;ATIVA;10/12/1998;10/12/1998;NULL;03/11/2005;03/11/2005;Comércio varejista de hortifrutigranjeiros;NULL;Sociedade Empresária Limitada;80000.00;MICRO EMPRESA;N;N; SC 403;6640;KM 08GALPAO;INGLESES;88058001;SC;FLORIANOPOLIS;48;32693309;;;
82.956.160/0036-01;MUNDIALMIX COMERCIO DE ALIMENTOS LTDA;SUPERMERCADOS IMPERATRIZ;2;ATIVA;12/09/2008;12/09/2008;NULL;12/09/2008;12/09/2008;Comércio varejista de mercadorias em geral com predominância de produtos alimentícios - supermercados;NULL;Sociedade Empresária Limitada;2616000.00;DEMAIS;NULL;NULL;JOAO PIO DUARTE DA SILVA;1623;;CORREGO GRANDE;88037000;SC;FLORIANOPOLIS;48;33811340;48;33811300;CONTABIL@SUPERIMPERATRIZ.COM.BR
04.464.967/0001-85;MERCADO M.L.O. LTDA;MERCADO OLIVEIRA;1;ATIVA;23/05/2001;23/05/2001;NULL;23/05/2001;23/05/2001;Comércio varejista de mercadorias em geral com predominância de produtos alimentícios - supermercados;NULL;Sociedade Empresária Limitada;75000.00;MICRO EMPRESA;N;N;ALTAMIRO BARCELOS DUTRA;1243;;BARRA DA LAGOA;88061300;SC;FLORIANOPOLIS;48;36587109;;;SOCIETARIO@R4SOLUCOESCONTABEIS.COM.BR
09.250.352/0001-70;MERCADO SANTINHO LTDA;MERCADO SANTINHO;1;ATIVA;21/11/2007;21/11/2007;NULL;17/04/2025;17/04/2025;Comércio varejista de mercadorias em geral com predominância de produtos alimentícios - minimercados mercearias e armazéns;Comércio varejista de hortifrutigranjeiros;Sociedade Empresária Limitada;10000.00;MICRO EMPRESA;S;N;VEREADOR ONILDO LEMOS;2017;SALA  05;SANTINHO;88058700;SC;FLORIANOPOLIS;48;41041324;;;
13.493.016/0001-25;HORAH SAUDE E CONVENIENCIA LTDA;HORAH SAUDE E CONVENIENCIA;1;ATIVA;08/04/2011;08/04/2011;NULL;08/04/2011;08/04/2011;Comércio varejista de mercadorias em lojas de conveniência;NULL;Sociedade Empresária Limitada;30000.00;MICRO EMPRESA;S;N;CAMPECHE;55;SALA  04;CAMPECHE;88063300;SC;FLORIANOPOLIS;48;32048230;;;HORAHSC@GMAIL.COM
08.883.500/0001-20;MINIMERCADO GALUPO LTDA;MINIMERCADO GALUPO;1;ATIVA;30/05/2007;30/05/2007;NULL;30/05/2007;30/05/2007;Comércio varejista de mercadorias em geral com predominância de produtos alimentícios - minimercados mercearias e armazéns;NULL;Sociedade Empresária Limitada;10000.00;MICRO EMPRESA;S;N;ANTONIO CARLOS FERREIRA;975;;AGRONOMICA;88025211;SC;FLORIANOPOLIS;48;33333619;;;
83.646.984/0074-65;A. ANGELONI & CIA. LTDA;SUPERMERCADOS ANGELONI;2;ATIVA;03/07/2009;03/07/2009;NULL;03/07/2009;03/07/2009;Comércio varejista de mercadorias em geral com predominância de produtos alimentícios - supermercados;NULL;Sociedade Empresária Limitada;61924500.00;DEMAIS;NULL;NULL;ARMANDO CALIL BULOS;6375;;INGLESES DO RIO VERMELHO;88058001;SC;FLORIANOPOLIS;48;33317100;;;ADM.EDI@ANGELONI.COM.BR
13.701.524/0001-51;REIS PEREIRA COMERCIO DE ALIMENTOS LTDA;MERCADO RP;1;ATIVA;20/05/2011;20/05/2011;NULL;20/05/2011;20/05/2011;Comércio varejista de mercadorias em geral com predominância de produtos alimentícios - supermercados;NULL;Sociedade Empresária Limitada;50000.00;MICRO EMPRESA;N;N;DAS AREIAS;208;;TAPERA;88049300;SC;FLORIANOPOLIS;48;36587109;;;SOCIETARIO@R4SOLUCOESCONTABEIS.COM.BR
11.581.310/0001-63;CARLOS JOSE INACIO;LOJA DE CONVENIENCIA DO GARGA;1;ATIVA;22/02/2010;22/02/2010;NULL;22/02/2010;22/02/2010;Comércio varejista de mercadorias em lojas de conveniência;Lavanderias;Empresário (Individual);15000.00;MICRO EMPRESA;S;N;MADRE MARIA VILAC;1908;;CANASVIEIRAS;88054001;SC;FLORIANOPOLIS;48;84350723;;;
19.125.488/0001-01;MINIMERCADO LIMA LTDA;MINI MERCADO LIMA;1;ATIVA;23/10/2013;23/10/2013;NULL;23/10/2013;23/10/2013;Comércio varejista de mercadorias em geral com predominância de produtos alimentícios - minimercados mercearias e armazéns;NULL;Sociedade Empresária Limitada;2000.00;MICRO EMPRESA;S;N;ANTONIO FRANCISCO DA SILVEIRA;497;;PANTANAL;88040160;SC;FLORIANOPOLIS;48;88440856;;;rodrigo_ohenrique@yahoo.com.br
77.884.070/0002-65;SUPERMERCADO FORTE COMERCIO VAREJISTA E ATACADISTA LTDA;SUPERMERCADO FORTE;2;ATIVA;22/07/2014;22/07/2014;NULL;22/07/2014;22/07/2014;Comércio atacadista de mercadorias em geral com predominância de produtos alimentícios;NULL;Sociedade Empresária Limitada;0.00;DEMAIS;NULL;NULL;LUIZ BOITEUX PIAZZA;6208;;CACHOEIRA DO BOM JESUS;88056000;SC;FLORIANOPOLIS;47;34000500;;;societario@contabilidadevinholi.com
21.580.440/0001-35;GUILHERME MENDES MARCELINO;DISTRIBUIDORA E MERCADO GMM;1;ATIVA;16/12/2014;16/12/2014;NULL;16/12/2014;16/12/2014;Comércio varejista de mercadorias em geral com predominância de produtos alimentícios - minimercados mercearias e armazéns;NULL;Empresário (Individual);100000.00;EMPRESA DE PEQUENO PORTE;S;N;FERMINO COSTA;73;"SALA: 01""";COQUEIROS;88080420;SC;FLORIANOPOLIS;48;84504663;;;
01.936.465/0005-45;HIPPO SUPERMERCADOS LTDA;HIPPO SUPERMERCADOS;2;ATIVA;02/07/2015;02/07/2015;NULL;02/07/2015;02/07/2015;Comércio varejista de produtos alimentícios em geral ou especializado em produtos alimentícios não especificados anteriormente;NULL;Sociedade Empresária Limitada;22266936.00;DEMAIS;NULL;NULL;DESEMBARGADOR PEDRO SILVA;2392;;COQUEIROS;88080700;SC;FLORIANOPOLIS;47;33651077;;;
01.936.465/0006-26;HIPPO SUPERMERCADOS LTDA;HIPPO SUPERMERCADOS;2;ATIVA;02/07/2015;02/07/2015;NULL;02/07/2015;02/07/2015;Comércio varejista de produtos alimentícios em geral ou especializado em produtos alimentícios não especificados anteriormente;NULL;Sociedade Empresária Limitada;22266936.00;DEMAIS;NULL;NULL;SAO JORGE;S/N;;CENTRO;88015320;SC;FLORIANOPOLIS;47;33651077;;;
10.689.288/0001-07;MERCADO PORTO DO RIO VERMELHO LTDA;MERCADO PORTO;1;ATIVA;12/03/2009;12/03/2009;NULL;12/03/2009;12/03/2009;Comércio varejista de mercadorias em geral com predominância de produtos alimentícios - minimercados mercearias e armazéns;Comércio varejista de produtos alimentícios em geral ou especializado em produtos alimentícios não especificados anteriormente;Sociedade Empresária Limitada;15000.00;MICRO EMPRESA;N;N;JOAO GUALBERTO SOARES;8919;;SAO JOAO DO RIO VERMELHO;88060000;SC;FLORIANOPOLIS;48;32697139;48;91444654;LDJ@LDJ.CNT.BR
16.677.870/0001-30;MARQUES COMERCIO DE ALIMENTOS LTDA;MINI MERCADO MIILMAR;1;ATIVA;07/08/2012;07/08/2012;NULL;07/08/2012;07/08/2012;Comércio varejista de mercadorias em geral com predominância de produtos alimentícios - minimercados mercearias e armazéns;Comércio varejista de bebidas;Sociedade Empresária Limitada;20000.00;MICRO EMPRESA;S;N;FELIPE NEVES;348;LOJA  01;CANTO;88070760;SC;FLORIANOPOLIS;48;96233611;48;32469752;MILTON.CV.MARQUES@GMAIL.COM
13.709.200/0001-60;BM MINIMERCADO LTDA;MERCADO ESKINA;1;ATIVA;24/05/2011;24/05/2011;NULL;24/05/2011;24/05/2011;Comércio varejista de mercadorias em geral com predominância de produtos alimentícios - minimercados mercearias e armazéns;NULL;Sociedade Empresária Limitada;500000.00;EMPRESA DE PEQUENO PORTE;S;N;MADRE MARIA VILAC;1.481;;CANASVIEIRAS;88054001;SC;FLORIANOPOLIS;48;32660818;;;MERCADOESKINA@OUTLOOK.COM
26.602.566/0001-87;ANDRE LUIZ FERNANDES MINI MERCADO;MINI MERCADO FAMILIA;1;ATIVA;24/11/2016;24/11/2016;NULL;24/11/2016;24/11/2016;Comércio varejista de mercadorias em geral com predominância de produtos alimentícios - minimercados mercearias e armazéns;NULL;Empresário (Individual);50000.00;MICRO EMPRESA;S;N;CLEMENTE ROVERE;194;LOJA  01;CENTRO;88020340;SC;FLORIANOPOLIS;48;84761389;;;ANDRELUIZ_FERNANDES@HOTMAIL.COM
25.293.209/0001-11;MARINO THEISGES LTDA;SUPERMERCADO SANTO ANTONIO;1;ATIVA;26/07/2016;26/07/2016;NULL;26/07/2016;26/07/2016;Comércio varejista de mercadorias em geral com predominância de produtos alimentícios - supermercados;NULL;Sociedade Empresária Limitada;10000.00;EMPRESA DE PEQUENO PORTE;N;N;CONEGO SERPA;62;LOJA  02;SANTO ANTONIO DE LISBOA;88050440;SC;FLORIANOPOLIS;48;32352125;;;JAQUEMERCADOSANTOANTONIO@HOTMAIL.COM
27.797.867/0001-76;27.797.867 VILSO BATISTA;VB CONVENIENCIA E MERCEARIA;1;ATIVA;23/05/2017;23/05/2017;NULL;23/05/2017;23/05/2017;Lanchonetes casas de chá de sucos e similares;NULL;Empresário (Individual);40000.00;MICRO EMPRESA;S;N;DAS AREIAS;342;;TAPERA DA BASE;88049300;SC;FLORIANOPOLIS;48;88105100;;;VILSO-BATISTA@BOL.COM.BR
28.655.753/0001-54;SONNTAG COMERCIO DE ALIMENTOS LTDA;MERCADO MARCOM;1;ATIVA;15/09/2017;15/09/2017;NULL;15/09/2017;15/09/2017;Comércio varejista de mercadorias em geral com predominância de produtos alimentícios - minimercados mercearias e armazéns;NULL;Sociedade Empresária Limitada;100000.00;MICRO EMPRESA;N;N;TRES MARIAS;522;;INGLESES DO RIO VERMELHO;88058648;SC;FLORIANOPOLIS;48;84352667;;;MERCADOBVC@HOTMAIL.COM
34.707.549/0001-32;CAMILE LAU DUTRA;Conveniencia da Mole;1;ATIVA;29/08/2019;29/08/2019;NULL;29/08/2019;29/08/2019;Serviços ambulantes de alimentação;NULL;Empresário (Individual);1000.00;MICRO EMPRESA;N;N;JORNALISTA MANOEL DE MENEZES;SN;;BARRA DA LAGOA;88061700;SC;FLORIANOPOLIS;48;91619885;;;camiledutra@gmail.com
83.646.984/0098-32;A. ANGELONI & CIA. LTDA;SUPERMERCADOS ANGELONI;2;ATIVA;07/01/2020;07/01/2020;NULL;07/01/2020;07/01/2020;Comércio varejista de mercadorias em geral com predominância de produtos alimentícios - supermercados;NULL;Sociedade Empresária Limitada;61924500.00;DEMAIS;NULL;NULL;BOCAIUVA;1600;;CENTRO;88015530;SC;FLORIANOPOLIS;48;34617500;;;ADM.EDI@ANGELONI.COM.BR
41.757.372/0001-44;CARLOS AUGUSTO FAGUNDES 01143152999;BC MINIMERCADO;1;ATIVA;29/04/2021;29/04/2021;NULL;29/04/2021;29/04/2021;Comércio varejista de mercadorias em geral com predominância de produtos alimentícios - minimercados mercearias e armazéns;NULL;Empresário (Individual);10000.00;MICRO EMPRESA;S;N;FELIPE NEVES;1190;SALA 01;COLONINHA;88090420;SC;FLORIANOPOLIS;48;99470379;;;CAPITALCNT@GMAIL.COM
37.591.016/0001-26;JESSICA FOGACA SILVEIRA 03131678003;FAMILIA MERCADO E PADARIA;1;ATIVA;02/07/2020;02/07/2020;NULL;02/07/2020;02/07/2020;Padaria e confeitaria com predominância de revenda;Comércio varejista de bebidas;Empresário (Individual);60000.00;MICRO EMPRESA;N;N;VEREADOR ONILDO LEMOS;386;;INGLESES DO RIO VERMELHO;88058700;SC;FLORIANOPOLIS;48;84844671;;;JESSICA_FOGACA@HOTMAIL.COM
32.293.410/0001-64;TIAGO DE SOUZA CORREIA LTDA;MERCADO TIAGO;1;ATIVA;20/12/2018;20/12/2018;NULL;20/12/2018;20/12/2018;Comércio varejista de mercadorias em geral com predominância de produtos alimentícios - minimercados mercearias e armazéns;NULL;Sociedade Empresária Limitada;100000.00;MICRO EMPRESA;N;N;CANDIDO PEREIRA DOS ANJOS;1750;;SAO JOAO DO RIO VERMELHO;88060300;SC;FLORIANOPOLIS;48;98516732;;;CLIQUETIAGO@GMAIL.COM
46.096.058/0001-81;LEANDRO NUNES;SUPERMERCADO MANUELLA;1;ATIVA;20/04/2022;20/04/2022;NULL;20/04/2022;20/04/2022;Comércio varejista de mercadorias em geral com predominância de produtos alimentícios - minimercados mercearias e armazéns;Comércio varejista de bebidas;Empresário (Individual);5000.00;MICRO EMPRESA;N;N;CENTRAL CONTINENTE;83;;CAPOEIRAS;88070224;SC;FLORIANOPOLIS;48;84275832;;;ROSY_MLK@HOTMAIL.COM
48.861.052/0001-89;DENIZE GONCALVES COMERCIO LTDA;SACOLAO SABORES DA TERRA;1;ATIVA;12/12/2022;12/12/2022;NULL;12/12/2022;12/12/2022;Comércio varejista de hortifrutigranjeiros;Comércio varejista de mercadorias em geral com predominância de produtos alimentícios - minimercados mercearias e armazéns;Sociedade Empresária Limitada;55000.00;MICRO EMPRESA;S;N;LAURINDO JOSE DE SOUZA;264;;BARRA DA LAGOA;88061400;SC;FLORIANOPOLIS;48;84320036;;;JOSIASATAIDE@YAHOO.COM
48.915.496/0001-50;MERCADO E SACOLAO BEVITHE LTDA;MERCADO E SACOLAO BEVITHE;1;ATIVA;16/12/2022;16/12/2022;NULL;16/12/2022;16/12/2022;Comércio varejista de mercadorias em geral com predominância de produtos alimentícios - minimercados mercearias e armazéns;NULL;Sociedade Empresária Limitada;200000.00;MICRO EMPRESA;N;N;JOAO GUALBERTO SOARES;6377;ANEXO 1;INGLESES DO RIO VERMELHO;88058300;SC;FLORIANOPOLIS;48;91202818;0;0;MERCADOBEVITHE@GMAIL.COM
40.472.674/0001-03;ALBERTO BARRETO LTDA;POLAR CONVENIENCIA;1;ATIVA;20/01/2021;20/01/2021;NULL;20/01/2021;20/01/2021;Comércio varejista de bebidas;NULL;Sociedade Empresária Limitada;20000.00;MICRO EMPRESA;S;N;OSMAR REGUEIRA;25;LOJA  06;CENTRO;88010470;SC;FLORIANOPOLIS;51;91804092;;;ALBERTO.BARRETO@LIVE.COM.BR
44.480.732/0001-00;MERCADO MOIANO LTDA;MERCADO MOIANO;1;ATIVA;03/12/2021;03/12/2021;NULL;03/12/2021;03/12/2021;Comércio varejista de mercadorias em geral com predominância de produtos alimentícios - minimercados mercearias e armazéns;NULL;Sociedade Empresária Limitada;40000.00;EMPRESA DE PEQUENO PORTE;N;N;FRANCISCO MAGNO VIEIRA;3279;;CAMPECHE;88065000;SC;FLORIANOPOLIS;51;86067513;;;NATASHA1LEOTTE@GMAIL.COM
48.566.575/0001-00;BOM PRECO COMERCIO VAREJISTA DE ALIMENTOS LTDA;MERCADO BOM PRECO;1;ATIVA;09/11/2022;09/11/2022;NULL;09/11/2022;09/11/2022;Comércio varejista de mercadorias em geral com predominância de produtos alimentícios - minimercados mercearias e armazéns;NULL;Sociedade Empresária Limitada;50000.00;MICRO EMPRESA;S;N;AMARO COELHO;47;;BARRA DA LAGOA;88061090;SC;FLORIANOPOLIS;48;88090538;0;0;MATHEUSLENHARD25@GMAIL.COM
49.620.619/0001-98;FAMILIA ROSA LTDA;MERCADO DO ANDRE;1;ATIVA;15/02/2023;15/02/2023;NULL;15/02/2023;15/02/2023;Comércio varejista de mercadorias em geral com predominância de produtos alimentícios - minimercados mercearias e armazéns;NULL;Sociedade Empresária Limitada;20000.00;MICRO EMPRESA;S;N;JOAO CARVALHO;244;;AGRONOMICA;88025010;SC;FLORIANOPOLIS;48;84707289;;;ANDRELUIZROSA.ROSA@GMAIL.COM
50.318.745/0001-71;ZANUTO E ZANFOLIN LTDA;Z E Z MERCADOS AUTONOMOS;1;ATIVA;14/04/2023;14/04/2023;NULL;14/04/2023;14/04/2023;Comércio varejista de mercadorias em geral com predominância de produtos alimentícios - minimercados mercearias e armazéns;NULL;Sociedade Empresária Limitada;50000.00;MICRO EMPRESA;S;N;MAURO RAMOS;1235;;CENTRO;88020301;SC;FLORIANOPOLIS;18;97385383;;;ZEZMERCADOSAUTONOMOS@GMAIL.COM
54.129.734/0001-02;MERCADO PERES COMERCIO VAREJISTA DE MERCADORIAS LTDA;MERCADO PERES;1;ATIVA;29/02/2024;29/02/2024;NULL;29/02/2024;29/02/2024;Comércio varejista de mercadorias em geral com predominância de produtos alimentícios - minimercados mercearias e armazéns;NULL;Sociedade Empresária Limitada;100000.00;MICRO EMPRESA;S;N;PROFESSORA MARIETA BARBOSA RIBEIRO;172;;JARDIM ATLANTICO;88095690;SC;FLORIANOPOLIS;48;96592053;;;MARCON.CONTABILIDADE@HOTMAIL.COM
43.704.753/0001-90;MERCADO TATACO LTDA;MERCADO TATACO;1;ATIVA;29/09/2021;29/09/2021;NULL;29/09/2021;29/09/2021;Comércio varejista de mercadorias em geral com predominância de produtos alimentícios - minimercados mercearias e armazéns;NULL;Sociedade Empresária Limitada;50000.00;MICRO EMPRESA;S;N;BALDICERO FILOMENO;16301;;RIBEIRAO DA ILHA;88064002;SC;FLORIANOPOLIS;48;84257044;;;LUIZFILIPE2570@GMAIL.COM
45.633.835/0001-17;MINI MERCADO INA LTDA;MERCEARIA INA;1;ATIVA;14/03/2022;14/03/2022;NULL;14/03/2022;14/03/2022;Comércio varejista de mercadorias em geral com predominância de produtos alimentícios - minimercados mercearias e armazéns;NULL;Sociedade Empresária Limitada;20000.00;MICRO EMPRESA;S;N;AGRA FILHO;262;;TAPERA;88049480;SC;FLORIANOPOLIS;48;84745705;;;REGISTRO@AVITCONTABILIDADE.COM.BR
52.026.562/0001-08;BOM PRECO ACOUGUE E MERCEARIA LTDA;MERCADO BOM PRECO;1;ATIVA;31/08/2023;31/08/2023;NULL;31/08/2023;31/08/2023;Comércio varejista de mercadorias em geral com predominância de produtos alimentícios - minimercados mercearias e armazéns;Comércio varejista de carnes - açougues;Sociedade Empresária Limitada;50000.00;MICRO EMPRESA;S;N;ALTAMIRO BARCELOS DUTRA;608;;BARRA DA LAGOA;88061300;SC;FLORIANOPOLIS;48;91599395;;;MERCADOBOMPRECO608@GMAIL.COM
54.987.952/0001-70;JOAO LUCAS MINI MERCADO LTDA;JOAO LUCAS MINI MERCADO;1;ATIVA;03/05/2024;03/05/2024;NULL;03/05/2024;03/05/2024;Comércio varejista de mercadorias em geral com predominância de produtos alimentícios - minimercados mercearias e armazéns;NULL;Sociedade Empresária Limitada;50000.00;MICRO EMPRESA;S;N;PROF EGIDIO FERREIRA;1292;SALA  02;MONTE CRISTO;88090500;SC;FLORIANOPOLIS;48;84114193;48;88746572;LINOANDERSON840@GMAIL.COM
95.852.216/0001-91;MERCADO VALEDI LTDA;SUPERMERCADO NOBLES;1;ATIVA;02/03/1993;02/03/1993;NULL;03/11/2005;03/11/2005;Comércio varejista de mercadorias em geral com predominância de produtos alimentícios - supermercados;NULL;Sociedade Empresária Limitada;160000.00;DEMAIS;N;N;PROF EGIDIO FERREIRA;1167;;CAPOEIRAS;88090500;SC;FLORIANOPOLIS;;;;;SUPERMERCADONOBLES@GMAIL.COM
00.448.750/0001-20;SIMAR COMERCIO LTDA;MANHATTAN44 MINI MERCADO & UTILIDADES DOMESTICAS;1;ATIVA;22/02/1995;22/02/1995;NULL;25/08/2001;25/08/2001;Comércio varejista de mercadorias em geral com predominância de produtos alimentícios - minimercados mercearias e armazéns;NULL;Sociedade Empresária Limitada;25000.00;DEMAIS;N;N;DESEMBARGADOR VITOR LIMA;390;;CARVOEIRA;88040401;SC;FLORIANOPOLIS;48;98339098;48;99249245;MANHATTAN44@GMAIL.COM
00.509.351/0001-22;MINIMERCADO HERCILIO LTDA;MINIMERCADO HERCILIO;1;ATIVA;28/03/1995;28/03/1995;NULL;03/11/2005;03/11/2005;Comércio varejista de mercadorias em geral com predominância de produtos alimentícios - minimercados mercearias e armazéns;NULL;Sociedade Empresária Limitada;75000.00;MICRO EMPRESA;S;N;JOAQUIM NABUCO;2614;"QUADRA: 02"" LOTE: 44""";MONTE CRISTO;88090062;SC;FLORIANOPOLIS;48;84875550;;;HERCILIOSTUR5@GMAIL.COM
00.349.184/0001-08;JANICE NORMA DA SILVA;MERCEARIA PONTA DAS CANAS;1;ATIVA;12/12/1994;12/12/1994;NULL;23/12/2000;23/12/2000;Comércio varejista de mercadorias em geral com predominância de produtos alimentícios - minimercados mercearias e armazéns;NULL;Empresário (Individual);10000.00;MICRO EMPRESA;S;N;LUIZ BOITEUX PIAZZA;4932;;PONTA DAS CANAS;88056000;SC;FLORIANOPOLIS;;;;;
02.666.525/0002-77;WILSON CELSO NUNES;MINI MERCADO ENGENHO;2;ATIVA;27/11/1998;27/11/1998;NULL;05/01/2025;05/01/2025;Comércio varejista de mercadorias em geral com predominância de produtos alimentícios - minimercados mercearias e armazéns;NULL;Empresário (Individual);0.00;MICRO EMPRESA;NULL;NULL;BELARMINO DA SILVA;SN;BAL DOS ACORES;PANT DO SUL;88045108;SC;FLORIANOPOLIS;;;;;
01.003.224/0001-10;CELIA MARIA MARTINS DE OLIVEIRA;MERCEARIA ARACY;1;ATIVA;16/01/1996;16/01/1996;NULL;18/10/2003;18/10/2003;Comércio varejista de mercadorias em geral com predominância de produtos alimentícios - minimercados mercearias e armazéns;NULL;Empresário (Individual);0.00;MICRO EMPRESA;NULL;NULL;ARACY VAZ CALLADO;1460;;ESTREITO;88070000;SC;FLORIANOPOLIS;;;;;
82.956.160/0024-60;MUNDIALMIX COMERCIO DE ALIMENTOS LTDA;SUPERMERCADOS IMPERATRIZ;2;ATIVA;03/12/1999;03/12/1999;NULL;31/12/2004;31/12/2004;Comércio varejista de mercadorias em geral com predominância de produtos alimentícios - supermercados;NULL;Sociedade Empresária Limitada;2616000.00;DEMAIS;NULL;NULL;DAS NACOES;192;;CANASVIEIRAS;88054010;SC;FLORIANOPOLIS;48;3811300;;;
83.043.737/0001-19;ORI BERNARDO;MERCEARIA ORI;1;ATIVA;19/08/1975;19/08/1975;NULL;03/11/2005;03/11/2005;Comércio varejista de mercadorias em geral com predominância de produtos alimentícios - minimercados mercearias e armazéns;NULL;Empresário (Individual);0.00;DEMAIS;NULL;NULL;JOAO MEIRELES;1153;;ABRAAO;88085201;SC;FLORIANOPOLIS;;;;;
72.432.685/0001-56;MINI MERCADO ITACORUBI 24 HORAS LTDA;MINI MERCADO ITACORUBI 24 HORAS;1;ATIVA;08/07/1993;08/07/1993;NULL;24/04/2004;24/04/2004;Comércio varejista de mercadorias em geral com predominância de produtos alimentícios - minimercados mercearias e armazéns;NULL;Sociedade Empresária Limitada;10000.00;EMPRESA DE PEQUENO PORTE;S;N;ANTONIO AMARO VIEIRA;2895;;ITACORUBI;88034101;SC;FLORIANOPOLIS;48;30284777;;;ESCRITORIO@TJSCONTABIL.COM.BR
77.908.226/0001-10;MINI MERCADO GRASEL LTDA;MINI MERCADO GRASEL;1;ATIVA;16/02/1984;16/02/1984;NULL;03/11/2005;03/11/2005;Comércio varejista de produtos alimentícios em geral ou especializado em produtos alimentícios não especificados anteriormente;Fornecimento de alimentos preparados preponderantemente para consumo domiciliar;Sociedade Empresária Limitada;20000.00;EMPRESA DE PEQUENO PORTE;S;N;HERCILIO LUZ;975;LOJA  03;CENTRO;88020001;SC;FLORIANOPOLIS;48;32237069;;;
82.956.160/0026-21;MUNDIALMIX COMERCIO DE ALIMENTOS LTDA;SUPERMERCADOS IMPERATRIZ;2;ATIVA;06/12/1999;06/12/1999;NULL;31/12/2004;31/12/2004;Comércio varejista de mercadorias em geral com predominância de produtos alimentícios - supermercados;NULL;Sociedade Empresária Limitada;2616000.00;DEMAIS;NULL;NULL;GENERAL LIBERATO BITTENCOURT;1885;;ESTREITO;88070800;SC;FLORIANOPOLIS;48;32794340;48;32794100;janaina@superimperatriz.com.br
81.602.609/0001-32;JONAS JOSE SCHMITZ LTDA;MERCEARIA DO GALEGO;1;ATIVA;20/12/1989;20/12/1989;NULL;18/04/2003;18/04/2003;Comércio varejista de mercadorias em geral com predominância de produtos alimentícios - minimercados mercearias e armazéns;NULL;Sociedade Empresária Limitada;95400.00;EMPRESA DE PEQUENO PORTE;S;N;SANTOS SARAIVA;1150;;ESTREITO;88070101;SC;FLORIANOPOLIS;48;32485726;;;JONASGALEGO@HOTMAIL.COM
01.280.251/0001-30;COMERCIO DE ALIMENTOS PAGNUSSAT E DIEHL LTDA;MERCADO MM;1;ATIVA;01/06/1996;01/06/1996;NULL;27/08/2005;27/08/2005;Comércio varejista de mercadorias em geral com predominância de produtos alimentícios - minimercados mercearias e armazéns;NULL;Sociedade Empresária Limitada;63000.00;MICRO EMPRESA;N;N;GRACILIANO MANOEL GOMES;1500;;INGLESES;88058200;SC;FLORIANOPOLIS;48;33690472;;;
11.160.403/0001-14;CLAIDIR LUIZ ROSIAK;CONVENIENCIA E BEBIDAS CANASVIEIRAS;1;ATIVA;21/09/2009;21/09/2009;NULL;21/09/2009;21/09/2009;Comércio varejista de mercadorias em geral com predominância de produtos alimentícios - supermercados;NULL;Empresário (Individual);500000.00;MICRO EMPRESA;N;N;HYPOLITO GREGORIO PEREIRA;700;;CANASVIEIRAS;88054210;SC;FLORIANOPOLIS;48;99020237;;;
04.031.026/0001-58;HIPER SELECT SUPERMERCADOS LTDA.;HIPER SELECT SUPERMERCADOS;1;ATIVA;05/09/2000;05/09/2000;NULL;05/09/2000;05/09/2000;Comércio varejista de mercadorias em geral com predominância de produtos alimentícios - supermercados;NULL;Sociedade Empresária Limitada;6000000.00;DEMAIS;NULL;NULL;FRANCISCO VIEIRA;465;;MORRO DAS PEDRAS;88066010;SC;FLORIANOPOLIS;48;32379009;;;CPD01@HIPERSELECT.COM.BR
06.126.843/0001-15;PETER PAM CONVENIENCIAS LTDA;24 HORAS KIOSCO CONVENIENCIAS;1;ATIVA;03/02/2004;03/02/2004;NULL;03/11/2005;03/11/2005;Preparação de documentos e serviços especializados de apoio administrativo não especificados anteriormente;NULL;Sociedade Empresária Limitada;8000.00;MICRO EMPRESA;S;N;LUIZ BOITEUX PIAZZA;3657;SL 01 C. C. P. NORTE;CACHOEIRA BOM JESUS;88056000;SC;FLORIANOPOLIS;48;99619097;;;PAMEDAFFU@HOTMAIL.COM
08.946.002/0001-80;08.946.002 GILBERTO GOMES BRITO;BAR E MERCEARIA SANTA VITORIA;1;ATIVA;16/07/2007;16/07/2007;NULL;01/07/2021;01/07/2021;Comércio varejista de mercadorias em geral com predominância de produtos alimentícios - minimercados mercearias e armazéns;NULL;Empresário (Individual);50000.00;MICRO EMPRESA;N;N;SANTA VITORIA;26;SALA  A;AGRONOMICA;88025525;SC;FLORIANOPOLIS;48;33431989;48;32283873;
11.469.890/0001-00;ANA PAULA FARIAS;BAR E MERCEARIA SANTA VITORIA;1;ATIVA;11/12/2009;11/12/2009;NULL;11/12/2009;11/12/2009;Comércio varejista de mercadorias em geral com predominância de produtos alimentícios - minimercados mercearias e armazéns;Bares e outros estabelecimentos especializados em servir bebidas sem entretenimento;Empresário (Individual);20000.00;MICRO EMPRESA;S;N;SANTA VITORIA;26;SALA  01;AGRONOMICA;88025525;SC;FLORIANOPOLIS;48;33335951;48;33431989;
12.942.577/0001-00;GILCILEI GRAFFETTI COELHO;MINIMERCADO SANTA CRUZ;1;ATIVA;29/11/2010;29/11/2010;NULL;29/11/2010;29/11/2010;Comércio varejista de mercadorias em geral com predominância de produtos alimentícios - minimercados mercearias e armazéns;NULL;Empresário (Individual);5000.00;MICRO EMPRESA;N;N;JOSE CANDIDO DA SILVA;166;SALA  01;ESTREITO;88010000;SC;FLORIANOPOLIS;48;32449781;;;
13.045.249/0001-65;JUCINEI GAIA;MERCADO E ACOUGUE DANIELA;1;ATIVA;20/12/2010;20/12/2010;NULL;18/05/2023;18/05/2023;Comércio varejista de mercadorias em geral com predominância de produtos alimentícios - minimercados mercearias e armazéns;Comércio varejista de carnes - açougues;Empresário (Individual);5000.00;MICRO EMPRESA;NULL;NULL;DAS PALMEIRAS;461;;DANIELA;88053010;SC;FLORIANOPOLIS;48;33657023;;;
09.209.355/0001-60;MERCADO DAS TORTAS LTDA;MERCADO DAS TORTAS;1;ATIVA;23/11/2007;23/11/2007;NULL;23/11/2007;23/11/2007;Fabricação de produtos de padaria e confeitaria com predominância de produção própria;NULL;Sociedade Empresária Limitada;10000.00;MICRO EMPRESA;S;N;ALMIRANTE DURVAL MELCHIADES DE SOUZA;599;;CENTRO;88015070;SC;FLORIANOPOLIS;48;30247145;48;88044396;VENDAS@DOCERIAEMPORIODASTORTAS.COM.BR
10.846.896/0001-88;GREYCE CARRARO;MERCADO SOL;1;ATIVA;25/05/2009;25/05/2009;NULL;25/05/2009;25/05/2009;Comércio varejista de mercadorias em geral com predominância de produtos alimentícios - minimercados mercearias e armazéns;NULL;Empresário (Individual);3000.00;MICRO EMPRESA;S;N;ORLANDO CHAPLIN;112;;BARRA DA LAGOA;88061050;SC;FLORIANOPOLIS;48;30345353;;;
11.781.315/0001-30;FERNANDA ELIZABETE PACHECO;MERCEARIA VO MARCILIA;1;ATIVA;06/04/2010;06/04/2010;NULL;06/04/2010;06/04/2010;Transporte rodoviário de carga exceto produtos perigosos e mudanças intermunicipal interestadual e internacional;NULL;Empresário (Individual);10000.00;MICRO EMPRESA;N;N;ENGENHEIRO MAX DE SOUZA;1149;SALA  02;COQUEIROS;88080000;SC;FLORIANOPOLIS;48;30284170;;;
13.564.899/0001-17;MINI MERCADO FRUTI PITANGA LTDA;MINI MERCADO FRUTI PITANGA;1;ATIVA;26/04/2011;26/04/2011;NULL;26/04/2011;26/04/2011;Comércio varejista de mercadorias em geral com predominância de produtos alimentícios - minimercados mercearias e armazéns;Restaurantes e similares;Sociedade Empresária Limitada;20000.00;MICRO EMPRESA;S;N;SAO JOSE;283;;BALNEARIO;88075310;SC;FLORIANOPOLIS;48;32481017;;;CRISTIANOSOUZA9@YAHOO.COM.BR
17.615.663/0001-13;DANIEL LINDOMAR GENEROSA ALIMENTOS;ACOUGUE E MERCADO DO RONI;1;ATIVA;21/02/2013;21/02/2013;NULL;21/02/2013;21/02/2013;Comércio varejista de hortifrutigranjeiros;NULL;Empresário (Individual);1000.00;MICRO EMPRESA;S;N;ALTAMIRO BARCELOS DUTRA;1585;;BARRA DA LAGOA;88061300;SC;FLORIANOPOLIS;48;32253159;;;ldj@ldj.cnt.br
23.853.802/0001-40;MERCADO E ACOUGUE PONTES LTDA;MERCADO E ACOUGUE PONTES;1;ATIVA;16/12/2015;16/12/2015;NULL;16/12/2015;16/12/2015;Comércio varejista de mercadorias em geral com predominância de produtos alimentícios - minimercados mercearias e armazéns;NULL;Sociedade Empresária Limitada;78800.00;MICRO EMPRESA;N;N;DAS AREIAS;41;;TAPERA;88049300;SC;FLORIANOPOLIS;48;96190028;;;FATIMAEVANDERLEI67@GMAIL.COM
12.510.288/0001-23;CAMPOS & CAMPOS LTDA;MERCADO DO LADINHO;1;ATIVA;10/09/2010;10/09/2010;NULL;10/09/2010;10/09/2010;Comércio varejista de mercadorias em geral com predominância de produtos alimentícios - minimercados mercearias e armazéns;NULL;Sociedade Empresária Limitada;50000.00;MICRO EMPRESA;S;N;CRISTOVAO MACHADO DE CAMPOS;3387;;VARGEM GRANDE;88052600;SC;FLORIANOPOLIS;48;32829752;;;patricia.jaison@hotmail.com
19.675.984/0001-39;PETRONILHA ARAUJO;MINIMERCADO AMANDA;1;ATIVA;07/02/2014;07/02/2014;NULL;07/02/2014;07/02/2014;Comércio varejista de mercadorias em geral com predominância de produtos alimentícios - minimercados mercearias e armazéns;NULL;Empresário (Individual);5000.00;MICRO EMPRESA;N;N;ANTONIO CARLOS FERREIRA;998;;AGRONOMICA;88025211;SC;FLORIANOPOLIS;48;98246233;;;ARAUJOPETRONILHA50@GMAIL.COM
04.031.026/0005-81;HIPER SELECT SUPERMERCADOS LTDA.;HIPERBOM SUPERMERCADOS;2;ATIVA;28/03/2016;28/03/2016;NULL;28/03/2016;28/03/2016;Comércio varejista de mercadorias em geral com predominância de produtos alimentícios - supermercados;NULL;Sociedade Empresária Limitada;6000000.00;DEMAIS;NULL;NULL;DO GRAMAL;1600;SALA  10;CAMPECHE;88063080;SC;FLORIANOPOLIS;48;32383141;;;CONTABILIDADE@HIPERBOMSUPERMERCADOS.COM.BR
08.983.442/0001-07;PIRES COMERCIO DE ALIMENTOS LTDA;MINI MERCADO PIRES;1;ATIVA;09/05/2007;09/05/2007;NULL;09/05/2007;09/05/2007;Comércio varejista de produtos alimentícios em geral ou especializado em produtos alimentícios não especificados anteriormente;NULL;Sociedade Empresária Limitada;9000.00;MICRO EMPRESA;S;N;MANOEL MONTEIRO;516;SALA;CANASVIEIRAS;88054633;SC;FLORIANOPOLIS;48;32429105;;;
26.429.073/0001-97;SUPER PAI & FILHO LTDA;MERCADO PAI & FILHO;1;ATIVA;26/10/2016;26/10/2016;NULL;09/11/2023;09/11/2023;Comércio varejista de mercadorias em geral com predominância de produtos alimentícios - minimercados mercearias e armazéns;NULL;Sociedade Empresária Limitada;40000.00;MICRO EMPRESA;S;N;DOM JOAO BECKER;783;LOJA;INGLESES DO RIO VERMELHO;88058600;SC;FLORIANOPOLIS;48;33691852;48;33641852;MERCADOPAIEFILHO@GMAIL.COM
27.413.166/0001-96;BAR E MERCEARIA DO ZE LTDA;MERCADO E ACOUGUE DO ZE;1;ATIVA;28/03/2017;28/03/2017;NULL;28/03/2017;28/03/2017;Comércio varejista de mercadorias em geral com predominância de produtos alimentícios - minimercados mercearias e armazéns;Bares e outros estabelecimentos especializados em servir bebidas sem entretenimento;Sociedade Empresária Limitada;100000.00;MICRO EMPRESA;N;N;DARIO MANOEL CARDOSO;1646;;INGLESES DO RIO VERMELHO;88058400;SC;FLORIANOPOLIS;48;30333319;;;
28.012.034/0001-15;ANDREIA DEPETRIZ ASSAD;MERCADO SEMPRE MAIS;1;ATIVA;21/06/2017;21/06/2017;NULL;21/06/2017;21/06/2017;Comércio varejista de mercadorias em geral com predominância de produtos alimentícios - minimercados mercearias e armazéns;NULL;Empresário (Individual);10000.00;MICRO EMPRESA;N;N;SC  405;3279;;CAMPECHE;88065000;SC;FLORIANOPOLIS;48;99501519;;;
29.063.130/0001-55;VAREJO MAIS GESTAO PARA SUPERMERCADOS LTDA;VAREJO MAIS GESTAO PARA SUPERMERCADOS;1;ATIVA;13/11/2017;13/11/2017;NULL;22/02/2022;22/02/2022;Serviços combinados de escritório e apoio administrativo;NULL;Sociedade Empresária Limitada;93700.00;MICRO EMPRESA;NULL;NULL;JOAO GUALBERTO SOARES;1267;;INGLESES DO RIO VERMELHO;88058300;SC;FLORIANOPOLIS;48;30946611;48;30946611;RHSACOLAODAECONOMIA@GMAIL.COM
30.680.624/0001-68;ELIANE SILVA PEREIRA;MERCADO FLORIPA;1;ATIVA;12/06/2018;12/06/2018;NULL;12/06/2018;12/06/2018;Comércio varejista de mercadorias em geral com predominância de produtos alimentícios - minimercados mercearias e armazéns;NULL;Empresário (Individual);30000.00;MICRO EMPRESA;S;N;RUI BARBOSA;398;LOJA  01;AGRONOMICA;88025301;SC;FLORIANOPOLIS;48;32287686;48;96189814;ELIANE18_FOZ@HOTMAIL.COM
30.810.338/0001-70;ANDRESSA ELEN OLIVEIRA SANTANA;MERCADO SANTANA;1;ATIVA;28/06/2018;28/06/2018;NULL;28/06/2018;28/06/2018;Comércio varejista de mercadorias em geral com predominância de produtos alimentícios - minimercados mercearias e armazéns;NULL;Empresário (Individual);10000.00;MICRO EMPRESA;S;N;MANOEL ISIDORO AUGUSTO;27;LOJA  1;RIO TAVARES;88048446;SC;FLORIANOPOLIS;48;88324912;;;ANDRESSAELEN@ICLOUD.COM
31.538.546/0001-24;MERCADO ITACO LTDA;MERCADO ITACO;1;ATIVA;18/09/2018;18/09/2018;NULL;18/09/2018;18/09/2018;Comércio varejista de mercadorias em geral com predominância de produtos alimentícios - minimercados mercearias e armazéns;Lanchonetes casas de chá de sucos e similares;Sociedade Empresária Limitada;96000.00;MICRO EMPRESA;S;N;MADRE BENVENUTA;80;;TRINDADE;88035000;SC;FLORIANOPOLIS;47;33980147;;;
12.558.842/0001-42;JONAS ABELARDO DOS SANTOS LTDA;MERCADO JOAQUIM;1;ATIVA;20/09/2010;20/09/2010;NULL;20/09/2010;20/09/2010;Comércio varejista de mercadorias em geral com predominância de produtos alimentícios - minimercados mercearias e armazéns;NULL;Sociedade Empresária Limitada;10000.00;EMPRESA DE PEQUENO PORTE;N;N;EDUARDO MARQUES DA ROSA;62;BLOCO B;INGLESES DO RIO VERMELHO;88058478;SC;FLORIANOPOLIS;48;32843314;;;MERCADOJOAQUIM@GMAIL.COM
11.160.403/0002-03;CLAIDIR LUIZ ROSIAK;CONVENIENCIAS CANASVIEIRAS;2;ATIVA;26/01/2017;26/01/2017;NULL;26/01/2017;26/01/2017;Comércio varejista de mercadorias em geral com predominância de produtos alimentícios - supermercados;NULL;Empresário (Individual);500000.00;MICRO EMPRESA;N;N;DOM JOAO BECKER;347;SALA  01;INGLESES DO RIO VERMELHO;88058600;SC;FLORIANOPOLIS;48;99020237;;;
29.231.343/0001-49;LAGOA GENEROS ALIMENTICIOS LTDA;MERCADO LAGOA;1;ATIVA;07/12/2017;07/12/2017;NULL;27/02/2025;27/02/2025;Comércio varejista de mercadorias em geral com predominância de produtos alimentícios - minimercados mercearias e armazéns;NULL;Sociedade Empresária Limitada;100000.00;MICRO EMPRESA;N;N;RITA LOURENCO DA SILVEIRA;285;;LAGOA DA CONCEICAO;88062060;SC;FLORIANOPOLIS;48;98446466;;;EDISONRODRIGUES.1204@GMAIL.COM
29.854.109/0001-78;MERCADO E ACOUGUE ANDRADE LTDA;MERCADO E ACOUGUE ANDRADE LTDA;1;ATIVA;06/03/2018;06/03/2018;NULL;06/03/2018;06/03/2018;Comércio varejista de mercadorias em geral com predominância de produtos alimentícios - minimercados mercearias e armazéns;NULL;Sociedade Empresária Limitada;100000.00;MICRO EMPRESA;S;N;PALOMA TEREZINHA ROSA DE LIMA;51;;COQUEIROS;88080445;SC;FLORIANOPOLIS;48;99324520;;;JONASANDRADE1@LIVE.COM
04.031.026/0006-62;HIPER SELECT SUPERMERCADOS LTDA.;HIPER SELECT SUPERMERCADOS;2;ATIVA;24/07/2018;24/07/2018;NULL;24/07/2018;24/07/2018;Comércio varejista de mercadorias em geral com predominância de produtos alimentícios - supermercados;NULL;Sociedade Empresária Limitada;6000000.00;DEMAIS;NULL;NULL;DEODORO;281;;CENTRO;88010020;SC;FLORIANOPOLIS;48;33819406;;;CPD04@HIPERSELECT.COM.BR
01.533.830/0004-90;TOP DA ILHA SUPERMERCADOS LTDA;TOP DA ILHA SUPERMERCADOS;2;ATIVA;10/06/2019;10/06/2019;NULL;10/06/2019;10/06/2019;Comércio varejista de mercadorias em geral com predominância de produtos alimentícios - supermercados;NULL;Sociedade Empresária Limitada;210000.00;DEMAIS;NULL;NULL;JOAO GUALBERTO SOARES;4458;;SAO JOAO DO RIO VERMELHO;88060000;SC;FLORIANOPOLIS;48;32691676;;;
35.274.487/0001-85;DOUGLAS DA SILVA OLIVEIRA;MERCADO FLORIPA;1;ATIVA;22/10/2019;22/10/2019;NULL;22/10/2019;22/10/2019;Comércio varejista de mercadorias em geral com predominância de produtos alimentícios - minimercados mercearias e armazéns;NULL;Empresário (Individual);30000.00;MICRO EMPRESA;N;N;DAS TULIPAS VERMELHAS;302;;RIO VERMELHO;88060256;SC;FLORIANOPOLIS;48;30291612;;;SOCIETARIO@CONTAVISTA.NET
35.423.737/0001-00;HELTON JOSE VIEIRA LTDA;MERCADO DOS AMIGOS;1;ATIVA;06/11/2019;06/11/2019;NULL;06/11/2019;06/11/2019;Comércio varejista de mercadorias em geral com predominância de produtos alimentícios - minimercados mercearias e armazéns;NULL;Sociedade Empresária Limitada;99800.00;EMPRESA DE PEQUENO PORTE;S;N;ANTONIO HEIL NECO;258;;CANASVIEIRAS;88054160;SC;FLORIANOPOLIS;48;96359257;;;HELTONJVIEIRA24041983@GMAIL.COM
35.502.162/0001-02;BRUNA FLORES MATHEUS DA LUZ LTDA;MERCADO LB;1;ATIVA;13/11/2019;13/11/2019;NULL;13/11/2019;13/11/2019;Comércio varejista de mercadorias em geral com predominância de produtos alimentícios - minimercados mercearias e armazéns;Restaurantes e similares;Sociedade Empresária Limitada;99800.00;MICRO EMPRESA;S;N;RECANTO DAS PAPOULAS;233;A;DANIELA;88053155;SC;FLORIANOPOLIS;48;98255560;;;
36.174.862/0001-88;VINICIUS DUARTE SAGAZ;PANIFICADORA E MERCEARIA MORAES;1;ATIVA;29/01/2020;29/01/2020;NULL;29/01/2020;29/01/2020;Comércio varejista de mercadorias em geral com predominância de produtos alimentícios - minimercados mercearias e armazéns;NULL;Empresário (Individual);10000.00;MICRO EMPRESA;S;N;FRANCISCO THOMAZ DOS SANTOS;7010;;ARMACAO DO PANTANO DO SUL;88066260;SC;FLORIANOPOLIS;48;30895053;;;
00.877.761/0017-93;DEL MORO & DEL MORO LTDA;DEL MORO SUPERMERCADOS;2;ATIVA;01/04/2020;01/04/2020;NULL;01/04/2020;01/04/2020;Comércio varejista de mercadorias em geral com predominância de produtos alimentícios - supermercados;NULL;Sociedade Empresária Limitada;32600000.00;DEMAIS;NULL;NULL;RIO BRANCO;404;TORRE 2 SALA  908 F;CENTRO;88015200;SC;FLORIANOPOLIS;65;30236368;;;ESCRITORIO@DELMORO.COM.BR
36.954.925/0001-19;PIT STOP FLORIPA CONVENIENCIA E ESTACIONAMENTO LTDA;PIT STOP FLORIPA CONVENIENCIA E ESTACIONAMENTO;1;ATIVA;17/04/2020;17/04/2020;NULL;17/04/2020;17/04/2020;Estacionamento de veículos;NULL;Sociedade Empresária Limitada;50000.00;MICRO EMPRESA;S;N;FULVIO ADUCCI;1287;ANEXO;ESTREITO;88075001;SC;FLORIANOPOLIS;48;88064365;;;PITSTOPESTREITO@GMAIL.COM
14.278.938/0001-82;MARCELO LOPEZ FERNANDEZ;PANIFICADORAMERCEARIA E QUEIJARIA LOPEZ FERNANDEZ;1;ATIVA;08/09/2011;08/09/2011;NULL;08/09/2011;08/09/2011;Padaria e confeitaria com predominância de revenda;NULL;Empresário (Individual);10000.00;MICRO EMPRESA;NULL;NULL;LUIZ BOITEUX PIAZZA;6590;;PONTA DAS CANAS;88056000;SC;FLORIANOPOLIS;48;32841601;;;LM.CONT@TRRA.COM.BR
10.539.433/0001-73;MERCADO DASSOLER LTDA;MERCADO CARVOEIRA;1;ATIVA;17/12/2008;17/12/2008;NULL;17/12/2008;17/12/2008;Comércio varejista de produtos alimentícios em geral ou especializado em produtos alimentícios não especificados anteriormente;Lanchonetes casas de chá de sucos e similares;Sociedade Empresária Limitada;70000.00;MICRO EMPRESA;N;N;CAPITAO ROMUALDO DE BARROS;905;;CARVOEIRA;88040600;SC;FLORIANOPOLIS;48;32330133;;;MERCADOCARVOEIRA@GMAIL.COM
18.494.973/0001-90;MINIMERCADO DA PRAIA - TAPERA LTDA;MINIMERCADO DA PRAIA;1;ATIVA;16/07/2013;16/07/2013;NULL;16/07/2013;16/07/2013;Comércio varejista de mercadorias em geral com predominância de produtos alimentícios - minimercados mercearias e armazéns;NULL;Sociedade Empresária Limitada;6000.00;MICRO EMPRESA;S;N;DA PRAIA;52;;TAPERA;88049200;SC;FLORIANOPOLIS;48;32068261;;;pelucinha43@gmail.com
16.937.031/0001-03;PAULO SERGIO LEITE;MERCADO E PANIFICADORA MOCAMBIQUE;1;ATIVA;26/09/2012;26/09/2012;NULL;11/07/2024;11/07/2024;Comércio varejista de mercadorias em geral com predominância de produtos alimentícios - supermercados;NULL;Empresário (Individual);50000.00;MICRO EMPRESA;NULL;NULL;CANDIDO PEREIRA DOS ANJOS;3020;;SAO JOAO DO RIO VERMELHO;88060300;SC;FLORIANOPOLIS;48;32237909;48;32237909;
17.670.677/0001-30;JR ALIMENTOS LTDA;MERCADO HARMONIA;1;ATIVA;22/02/2013;22/02/2013;NULL;22/02/2013;22/02/2013;Comércio varejista de mercadorias em geral com predominância de produtos alimentícios - minimercados mercearias e armazéns;NULL;Sociedade Empresária Limitada;50000.00;MICRO EMPRESA;N;N;ANGELINA JOAQUIM DOS SANTOS;234;;BARRA DA LAGOA;88061150;SC;FLORIANOPOLIS;48;38791095;;;jupbio@yahoo.com.br
23.106.630/0001-40;NOEL VIEIRA SUPERMERCADO LTDA;MERCADO VIEIRA;1;ATIVA;20/08/2015;20/08/2015;NULL;20/08/2015;20/08/2015;Comércio varejista de mercadorias em geral com predominância de produtos alimentícios - minimercados mercearias e armazéns;NULL;Sociedade Empresária Limitada;80000.00;MICRO EMPRESA;S;N;PARALELA NOVO HORIZONTE;1;;MONTE CRISTO;88090067;SC;FLORIANOPOLIS;48;30913300;;;PROCESSOSNOPAPER@HOTMAIL.COM
83.261.420/0019-88;BISTEK - SUPERMERCADOS LTDA.;BISTEK SUPERMERCADOS LTDA;2;ATIVA;24/04/2012;24/04/2012;NULL;24/04/2012;24/04/2012;Comércio varejista de mercadorias em geral com predominância de produtos alimentícios - supermercados;NULL;Sociedade Empresária Limitada;169014150.00;DEMAIS;NULL;NULL;TIMBAUBA;S/N;;MONTE VERDE;88032310;SC;FLORIANOPOLIS;48;34711118;48;34711120;contabilidade@bistek.com
21.112.445/0001-33;INOVE COMERCIO DE ALIMENTOS LTDA;MERCADO INOVE;1;ATIVA;25/09/2014;25/09/2014;NULL;25/09/2014;25/09/2014;Comércio varejista de mercadorias em geral com predominância de produtos alimentícios - minimercados mercearias e armazéns;NULL;Sociedade Empresária Limitada;100000.00;MICRO EMPRESA;S;N;JORNALISTA MANOEL DE MENEZES;3317;LOJA 01;BARRA DA LAGOA;88061701;SC;FLORIANOPOLIS;48;84328724;;;pativiniegui@hotmail.com
23.308.236/0001-95;MAIKO ALVES ASSAD;NOSSO MERCADO;1;ATIVA;19/09/2015;19/09/2015;NULL;19/09/2015;19/09/2015;Comércio varejista de mercadorias em geral com predominância de produtos alimentícios - minimercados mercearias e armazéns;NULL;Empresário (Individual);70000.00;MICRO EMPRESA;S;N;ANSELMO HIPOLITO DOS SANTOS;209;FUNDOS;COSTEIRA DO PIRAJUBAE;88047170;SC;FLORIANOPOLIS;48;32264172;;;NOSSOMERCADO163@GMAIL.COM
25.111.116/0001-29;PAULO CESAR CARDOSO;MERCADO DECESAR;1;ATIVA;30/06/2016;30/06/2016;NULL;30/06/2016;30/06/2016;Comércio varejista de mercadorias em geral com predominância de produtos alimentícios - minimercados mercearias e armazéns;Comércio varejista de produtos alimentícios em geral ou especializado em produtos alimentícios não especificados anteriormente;Empresário (Individual);30000.00;MICRO EMPRESA;S;N;CAMPOLINO ALVES;1075;;CAPOEIRAS;88085110;SC;FLORIANOPOLIS;48;32496269;;;GLOBALFISCAL@LINHALIVRE.NET
28.645.585/0001-16;SORRISO LOJA DE CONVENIENCIAS LTDA;SORRISO CONVENIENCIAS;1;ATIVA;14/09/2017;14/09/2017;NULL;14/09/2017;14/09/2017;Comércio varejista de mercadorias em lojas de conveniência;Serviços combinados de escritório e apoio administrativo;Sociedade Empresária Limitada;30000.00;MICRO EMPRESA;S;N;PROFESSORA SOFIA QUINT DE SOUZA;349;LOJA  1;CAPOEIRAS;88085040;SC;FLORIANOPOLIS;48;32481406;;;
30.340.982/0001-21;MAKB COMERCIO VAREJISTA LTDA;ARMAZEM MERCADO EXPRESS;1;ATIVA;02/05/2018;02/05/2018;NULL;01/03/2021;01/03/2021;Comércio varejista de mercadorias em geral com predominância de produtos alimentícios - minimercados mercearias e armazéns;NULL;Sociedade Empresária Limitada;1000.00;EMPRESA DE PEQUENO PORTE;NULL;NULL;LAURO LINHARES;1085;LOJA  B;TRINDADE;88036002;SC;FLORIANOPOLIS;47;33980147;;;ANAKARINK@GMAIL.COM
14.746.108/0003-02;GST SUPERMERCADO LTDA;SUPERMERCADO ARMAZEM 3;2;ATIVA;20/08/2018;20/08/2018;NULL;20/08/2018;20/08/2018;Comércio varejista de mercadorias em geral com predominância de produtos alimentícios - minimercados mercearias e armazéns;NULL;Sociedade Empresária Limitada;96000.00;DEMAIS;NULL;NULL;JORNALISTA MANOEL MENEZES;115;SALA  05;ITACORUBI;88034060;SC;FLORIANOPOLIS;48;32094000;;;
14.746.108/0005-66;GST SUPERMERCADO LTDA;SUPERMERCADO ARMAZEM 3;2;ATIVA;20/08/2018;20/08/2018;NULL;20/08/2018;20/08/2018;Comércio varejista de mercadorias em geral com predominância de produtos alimentícios - minimercados mercearias e armazéns;NULL;Sociedade Empresária Limitada;96000.00;DEMAIS;NULL;NULL;INTENDENTE ANTONIO DAMASCO;3922;SALA  A;RATONES;88052100;SC;FLORIANOPOLIS;48;32094000;;;
34.455.272/0001-06;MERCADO FRAGA LTDA;MERCADO FRAGA;1;ATIVA;07/08/2019;07/08/2019;NULL;07/08/2019;07/08/2019;Comércio varejista de mercadorias em geral com predominância de produtos alimentícios - minimercados mercearias e armazéns;NULL;Sociedade Empresária Limitada;30000.00;MICRO EMPRESA;S;N;MANOEL INACIO DO NASCIMENTO;381;PAVMTO SUPERIOR;RIO TAVARES;88048100;SC;FLORIANOPOLIS;48;85027600;;;evelynfraga24@gmail.com
36.446.211/0001-08;MINI MERCADO E PADARIA DO GAUCHO LTDA;CASA DE CARNE O COSTELAO GAUCHO MINI MERCADO;1;ATIVA;20/02/2020;20/02/2020;NULL;20/02/2020;20/02/2020;Comércio varejista de mercadorias em geral com predominância de produtos alimentícios - minimercados mercearias e armazéns;Padaria e confeitaria com predominância de revenda;Sociedade Empresária Limitada;100000.00;MICRO EMPRESA;NULL;NULL;FRANCISCO FAUSTINO MARTINS;868;;VARGEM GRANDE;88052810;SC;FLORIANOPOLIS;48;84267993;;;COSTELAOGAUCHO2023@GMAIL.COM
37.328.685/0001-00;MAURINHO CAVALCANTE DOS SANTOS E CIA LTDA;ACOUGUE E CONVENIENCIA MAURO PRIME;1;ATIVA;04/06/2020;04/06/2020;NULL;04/06/2020;04/06/2020;Comércio varejista de mercadorias em lojas de conveniência;Comércio varejista de carnes - açougues;Sociedade Empresária Limitada;30000.00;MICRO EMPRESA;S;N;CRISTOVAO MACHADO DE CAMPOS;899;;VARGEM GRANDE;88052600;SC;FLORIANOPOLIS;48;41041324;;;INGLESES@IBEST.COM.BR
